location,guests,bedrooms,beds,bathrooms,wifi,parking,kitchen,pool,gym,fireplace,security,price_per_night
rajendra_nagar,10,1,1,4,1,0,0,1,1,0,0,8753
annapurna,3,4,6,4,0,1,0,1,1,0,1,10332
tilak_nagar,2,4,4,3,0,1,0,0,1,1,0,7654
rajendra_nagar,7,5,5,4,0,1,1,0,1,0,0,9950
palasia,1,1,4,3,1,0,1,0,0,1,1,6263
tilak_nagar,4,1,5,3,1,1,1,1,1,1,1,9990
vijay_nagar,7,2,5,2,0,0,1,0,0,1,1,8425
annapurna,5,3,3,4,0,1,0,0,1,0,0,7479
tilak_nagar,3,1,1,4,0,1,0,0,0,1,1,5869
tilak_nagar,8,5,3,4,0,0,1,0,1,1,1,10472
palasia,6,1,5,2,1,1,1,0,1,1,1,8423
annapurna,8,1,3,3,0,1,0,1,1,1,1,9620
vijay_nagar,7,2,1,3,0,1,1,1,0,1,1,10247
rajendra_nagar,2,2,1,3,1,0,0,1,1,0,1,7396
palasia,8,5,5,2,0,0,0,0,1,1,1,10618
vijay_nagar,1,5,4,2,0,1,1,0,0,0,0,8095
palasia,10,5,5,2,0,0,0,1,0,1,0,11076
bhanwar_kuan,8,5,4,1,1,0,1,1,1,1,1,11604
bhanwar_kuan,10,4,2,3,1,1,0,1,0,1,1,10658
rajendra_nagar,1,5,2,1,1,1,1,0,0,0,0,5907
bhanwar_kuan,4,2,3,4,0,1,0,1,0,1,1,8797
bhanwar_kuan,3,5,4,4,1,1,1,0,0,0,0,8841
rajendra_nagar,5,3,1,3,1,0,0,0,0,1,0,6309
annapurna,7,1,6,4,1,1,1,1,0,0,1,9463
palasia,10,1,3,2,0,1,0,1,1,0,1,9242
vijay_nagar,3,1,3,2,0,1,0,0,1,1,1,7492
annapurna,7,1,4,2,1,1,0,1,1,1,1,9250
rajendra_nagar,8,4,3,2,0,1,1,1,1,0,0,10635
tilak_nagar,2,2,6,1,1,1,1,1,1,1,1,8539
tilak_nagar,3,1,1,4,0,1,0,1,1,0,1,8267
palasia,10,1,2,3,0,1,1,1,0,0,0,8806
tilak_nagar,6,2,4,2,0,1,1,0,1,0,0,7894
tilak_nagar,6,2,5,1,1,0,1,0,1,1,1,8173
rajendra_nagar,8,2,2,1,1,0,0,0,0,0,0,6276
palasia,9,1,2,1,0,1,0,0,0,0,0,6549
rajendra_nagar,3,1,4,1,0,1,1,0,1,0,0,6118
bhanwar_kuan,8,4,2,3,1,1,0,0,1,0,1,9068
rajendra_nagar,8,3,3,2,0,1,1,0,0,0,0,7555
annapurna,3,3,3,1,0,1,0,1,0,0,1,6988
bhanwar_kuan,9,4,4,3,1,1,1,1,0,0,0,10973
bhanwar_kuan,5,5,4,2,1,1,0,1,0,1,1,10616
annapurna,10,1,3,3,0,0,1,0,1,1,1,8226
rajendra_nagar,2,1,3,3,1,0,1,0,0,1,0,5321
annapurna,8,1,4,4,1,0,0,1,0,0,1,8975
vijay_nagar,9,2,6,3,1,0,0,0,0,0,0,8632
palasia,2,5,6,2,0,1,1,1,0,0,0,9775
annapurna,8,3,5,1,0,1,0,0,0,0,1,7541
palasia,2,3,2,3,1,1,1,0,1,1,1,8261
palasia,9,3,5,4,0,1,0,0,0,0,1,9515
rajendra_nagar,9,4,6,4,0,1,0,1,1,0,1,11381
tilak_nagar,7,3,1,3,1,1,1,1,0,0,0,8899
palasia,3,5,4,4,0,0,1,0,1,0,1,9513
bhanwar_kuan,8,3,1,4,0,0,0,1,0,1,0,9754
vijay_nagar,9,2,4,3,1,1,1,1,1,0,0,11312
vijay_nagar,6,2,3,2,0,0,1,0,0,0,1,7842
rajendra_nagar,1,1,4,3,0,0,1,1,0,1,1,7451
tilak_nagar,1,3,2,3,1,0,0,0,0,0,1,6142
annapurna,5,2,2,2,1,0,0,1,0,0,0,6879
rajendra_nagar,2,1,4,2,1,0,1,0,0,0,0,5171
bhanwar_kuan,3,2,1,4,0,1,0,0,1,0,1,6912
annapurna,7,5,4,4,0,0,0,0,0,0,0,8171
tilak_nagar,9,1,2,3,1,0,1,0,0,0,0,6954
tilak_nagar,1,2,5,3,0,0,1,1,0,1,1,7776
palasia,8,3,4,3,0,1,1,0,0,0,1,9252
vijay_nagar,5,4,5,2,1,0,1,1,0,0,0,9886
vijay_nagar,9,4,6,2,0,1,0,0,1,1,0,11017
tilak_nagar,8,5,2,3,1,0,0,0,0,0,1,8400
annapurna,8,5,5,4,1,0,1,0,0,1,1,10422
tilak_nagar,3,5,1,1,1,0,0,1,0,1,0,8031
vijay_nagar,6,1,2,2,0,1,0,1,0,0,1,7929
bhanwar_kuan,1,4,2,2,0,1,0,0,1,0,0,6899
tilak_nagar,1,1,1,1,0,0,1,0,1,1,1,5214
rajendra_nagar,10,5,2,3,1,0,0,1,1,1,1,11266
palasia,5,1,3,4,1,1,0,0,1,1,1,7990
palasia,4,1,6,4,1,0,0,0,1,1,1,7957
annapurna,6,3,1,3,0,0,1,0,0,0,1,7193
palasia,3,5,6,1,1,0,1,0,1,1,0,9141
annapurna,2,3,3,1,1,1,0,0,0,1,1,6162
bhanwar_kuan,1,1,5,1,1,0,0,0,0,0,1,4500
bhanwar_kuan,2,5,5,3,0,1,1,0,1,1,1,9736
tilak_nagar,3,4,3,4,1,0,0,1,1,0,0,9560
rajendra_nagar,10,3,6,3,0,1,0,1,1,0,0,10844
rajendra_nagar,7,3,1,3,0,0,1,1,1,0,1,8960
bhanwar_kuan,1,1,1,4,1,1,1,0,1,1,0,6552
tilak_nagar,5,1,1,4,1,1,0,1,0,0,0,7685
palasia,2,1,5,3,1,0,0,0,1,0,0,6787
bhanwar_kuan,2,5,4,4,1,0,1,0,1,0,1,8893
palasia,1,4,1,3,1,1,0,1,1,1,0,9354
annapurna,8,5,1,2,0,0,1,0,0,1,1,8431
annapurna,1,3,3,1,0,0,1,0,0,1,1,5962
palasia,4,1,5,3,0,0,0,0,0,1,0,6028
vijay_nagar,2,5,1,1,0,0,1,1,1,0,0,9448
annapurna,2,3,5,2,1,0,1,0,1,1,1,7370
rajendra_nagar,9,2,1,2,0,1,0,0,0,1,1,7480
bhanwar_kuan,9,1,2,1,1,1,0,0,0,0,0,6517
annapurna,2,4,6,1,1,1,0,1,0,1,1,8404
vijay_nagar,4,3,4,4,1,1,0,0,0,1,0,8860
palasia,10,5,3,2,1,0,1,1,1,0,1,12301
rajendra_nagar,1,1,1,1,0,1,1,1,1,0,1,6391
rajendra_nagar,9,5,3,3,0,0,0,0,0,0,0,8435
bhanwar_kuan,1,2,5,1,0,0,0,1,1,1,1,8098
tilak_nagar,10,5,2,1,1,1,1,1,0,0,0,9656
rajendra_nagar,6,1,4,1,0,1,0,1,0,1,0,6829
bhanwar_kuan,4,2,3,1,0,0,1,0,1,1,1,7209
annapurna,8,3,6,3,1,0,0,1,0,0,1,9285
tilak_nagar,2,2,5,1,0,1,1,1,0,1,1,8161
rajendra_nagar,8,3,1,2,1,1,0,0,0,1,0,7172
bhanwar_kuan,3,2,5,2,1,0,1,1,0,0,0,7968
palasia,9,3,6,3,1,0,0,1,0,1,0,10274
vijay_nagar,7,4,2,2,0,1,0,0,1,1,0,9671
palasia,5,5,5,4,0,0,1,1,0,1,1,11666
tilak_nagar,5,2,4,2,0,0,1,0,1,1,1,7575
palasia,7,5,2,2,1,0,1,0,1,0,0,8710
tilak_nagar,1,3,2,4,0,1,0,1,1,0,0,8369
bhanwar_kuan,3,4,2,3,0,0,1,1,0,0,1,8590
vijay_nagar,5,2,2,3,0,1,1,1,1,1,1,10243
annapurna,10,3,1,3,0,0,0,1,1,1,0,10146
rajendra_nagar,1,4,4,4,1,1,0,1,0,1,1,9468
bhanwar_kuan,4,2,4,2,0,0,1,0,1,0,1,7067
palasia,2,5,1,4,0,1,1,1,0,0,0,9350
palasia,7,2,6,2,0,1,1,0,1,1,1,8865
bhanwar_kuan,6,1,2,2,1,1,0,1,0,0,0,7145
bhanwar_kuan,4,2,1,2,1,1,1,0,1,0,0,6772
annapurna,7,5,2,4,1,0,0,1,1,0,1,10374
vijay_nagar,2,5,1,4,0,1,1,0,1,0,0,9322
annapurna,2,5,2,2,1,1,1,1,0,1,0,8375
vijay_nagar,8,2,1,1,0,1,1,0,0,1,0,7959
rajendra_nagar,8,5,1,1,0,1,0,0,0,0,0,7419
annapurna,3,1,5,3,0,1,1,0,0,1,1,7004
annapurna,4,5,6,2,1,0,0,1,1,1,1,10159
bhanwar_kuan,4,5,3,1,1,1,1,1,1,0,0,10185
palasia,1,5,4,4,0,0,1,0,1,1,0,8893
palasia,10,2,5,3,0,1,1,0,0,1,1,9943
bhanwar_kuan,1,4,1,4,0,0,0,0,1,1,0,7099
bhanwar_kuan,1,4,4,2,0,1,0,0,1,1,1,7948
palasia,10,1,5,1,0,1,1,1,0,1,0,9317
annapurna,8,1,3,1,0,1,1,0,0,0,1,6675
vijay_nagar,5,1,5,3,1,1,0,0,1,1,0,8912
bhanwar_kuan,4,3,1,3,0,1,1,0,0,0,0,6545
palasia,3,2,3,3,1,1,1,1,1,0,1,9093
bhanwar_kuan,9,1,4,2,1,1,1,1,0,0,0,8701
palasia,9,3,1,2,0,0,1,1,0,0,0,8596
rajendra_nagar,9,4,4,3,0,0,1,1,0,1,1,10957
annapurna,10,2,6,4,1,1,1,1,1,0,1,11674
rajendra_nagar,9,1,4,4,1,0,0,1,0,0,1,9197
palasia,5,5,3,4,1,0,1,0,1,0,0,9399
tilak_nagar,5,5,6,3,0,0,1,0,1,0,1,9704
vijay_nagar,1,4,2,1,1,0,1,1,0,1,0,8708
annapurna,7,2,2,2,1,0,1,0,1,0,1,6987
annapurna,10,2,5,1,0,1,0,1,1,0,0,8952
annapurna,9,3,5,1,0,1,0,1,0,1,0,9615
rajendra_nagar,9,1,1,4,1,0,1,0,0,1,0,7772
vijay_nagar,10,3,3,4,0,0,1,0,1,1,1,10992
annapurna,5,2,1,4,1,1,0,1,0,1,1,8359
palasia,9,3,2,2,0,0,0,0,0,0,0,7292
bhanwar_kuan,2,2,1,1,0,1,0,0,1,0,0,5314
annapurna,1,5,6,1,1,0,1,1,0,1,0,9113
rajendra_nagar,4,2,2,3,1,1,1,1,0,0,0,7642
annapurna,5,1,4,2,1,0,0,0,0,0,0,5564
palasia,2,3,5,3,0,1,0,0,1,0,0,8056
bhanwar_kuan,7,5,4,1,0,1,0,1,0,0,0,8796
tilak_nagar,2,1,5,3,0,0,0,1,0,1,1,7430
vijay_nagar,2,2,1,2,1,0,0,0,1,0,0,6577
rajendra_nagar,1,4,6,1,1,1,1,1,0,1,0,8461
tilak_nagar,3,2,2,3,0,1,1,1,0,1,1,8658
vijay_nagar,7,5,1,4,0,1,1,0,1,0,0,10100
tilak_nagar,1,5,4,3,1,0,1,1,1,1,1,9958
palasia,4,2,5,2,0,0,0,1,0,1,1,8080
rajendra_nagar,1,4,2,3,0,1,0,0,0,0,1,5857
annapurna,10,5,1,3,1,1,1,0,0,0,0,8887
annapurna,9,3,3,3,1,1,1,0,0,1,1,8869
rajendra_nagar,2,1,6,1,1,0,1,1,0,1,1,6818
tilak_nagar,5,1,1,3,1,0,0,1,1,1,1,8028
bhanwar_kuan,1,1,6,2,0,1,1,1,1,1,0,8181
vijay_nagar,5,1,6,1,0,1,1,0,0,1,0,7286
rajendra_nagar,8,4,1,3,1,1,1,1,1,1,1,11603
rajendra_nagar,9,5,6,2,0,0,1,0,1,0,0,9737
rajendra_nagar,4,3,1,1,0,0,1,1,0,0,0,6489
annapurna,5,5,3,2,0,0,1,1,1,1,1,10521
rajendra_nagar,4,2,3,2,0,1,0,0,1,1,1,6890
annapurna,7,2,3,4,0,0,0,0,1,1,0,7973
annapurna,1,4,2,4,1,0,0,1,0,1,0,7796
rajendra_nagar,8,2,3,1,0,0,0,0,0,1,0,6432
bhanwar_kuan,10,4,3,3,1,1,1,0,0,1,0,9833
palasia,6,2,5,3,0,1,0,1,1,0,0,9296
palasia,1,3,6,4,1,0,1,1,0,0,0,9119
rajendra_nagar,2,2,6,3,1,1,0,1,1,0,0,8858
vijay_nagar,9,5,3,1,1,1,1,0,0,0,1,9940
palasia,9,1,1,2,0,1,1,0,1,0,0,7164
annapurna,7,4,2,4,0,1,0,0,0,1,0,7939
rajendra_nagar,6,4,4,2,0,0,1,0,0,1,0,8183
vijay_nagar,10,2,5,2,1,1,0,1,1,1,1,12179
tilak_nagar,10,5,2,4,0,1,1,0,1,0,1,10317
bhanwar_kuan,1,4,3,3,0,1,1,1,1,1,0,9702
rajendra_nagar,5,5,3,1,1,1,1,0,0,0,1,8056
tilak_nagar,3,5,4,2,1,1,1,0,0,1,0,8294
rajendra_nagar,2,5,6,2,1,1,1,1,1,1,1,10643
bhanwar_kuan,9,4,5,3,0,0,1,0,0,1,0,9709
tilak_nagar,6,1,3,2,1,0,1,1,1,1,0,8229
palasia,10,3,4,4,0,1,0,0,1,1,1,10988
vijay_nagar,8,4,2,2,0,1,0,1,1,1,0,11432
palasia,4,5,1,1,1,0,1,1,1,0,0,9520
palasia,2,3,1,1,0,0,0,0,1,1,1,6004
bhanwar_kuan,2,3,3,4,1,0,1,1,0,1,0,8655
annapurna,9,1,3,3,0,1,0,1,0,1,1,9253
tilak_nagar,8,2,1,4,1,1,0,1,0,0,1,9001
palasia,5,5,3,3,1,0,1,1,0,0,0,9941
bhanwar_kuan,9,2,4,1,1,0,1,0,1,0,1,8288
palasia,4,4,2,3,1,0,1,0,0,0,0,7090
annapurna,9,4,2,1,0,1,1,0,0,0,0,7133
palasia,4,1,4,4,0,1,0,0,0,1,1,7275
palasia,1,5,1,4,1,0,1,0,0,0,0,7411
tilak_nagar,4,5,2,2,0,1,1,0,1,0,0,8581
annapurna,1,4,3,3,0,1,0,1,1,0,0,8671
vijay_nagar,4,2,3,1,0,0,0,0,0,1,1,6977
vijay_nagar,2,5,4,3,0,1,1,0,0,0,0,8308
palasia,7,2,4,4,0,0,0,0,0,0,1,7334
bhanwar_kuan,1,4,6,2,0,0,1,1,0,1,0,8838
vijay_nagar,4,2,5,3,0,0,0,1,0,0,1,8797
bhanwar_kuan,3,2,5,1,0,1,1,1,1,1,0,8739
rajendra_nagar,1,5,1,1,0,0,1,0,1,0,1,6411
vijay_nagar,4,1,1,4,0,0,1,1,1,0,1,8998
palasia,10,3,1,2,0,0,1,0,1,1,0,9061
rajendra_nagar,9,2,4,1,1,0,1,0,1,1,0,8449
bhanwar_kuan,1,2,6,3,1,1,0,0,1,1,0,7757
tilak_nagar,6,3,4,2,0,1,1,0,1,0,0,8286
vijay_nagar,6,2,4,1,1,0,1,1,0,0,0,8741
vijay_nagar,8,1,3,2,1,0,0,1,1,1,1,9819
palasia,2,1,2,4,1,0,1,1,0,0,0,7534
tilak_nagar,2,5,1,1,1,1,1,0,1,0,0,6860
tilak_nagar,6,4,2,2,1,0,1,1,1,1,1,9903
tilak_nagar,4,4,6,4,1,1,0,1,0,1,0,10231
tilak_nagar,6,2,6,2,1,0,1,0,1,1,0,8291
rajendra_nagar,5,5,6,1,1,1,0,0,0,1,0,8341
bhanwar_kuan,5,4,5,3,0,0,1,1,1,1,1,11296
tilak_nagar,8,4,2,4,1,1,0,0,1,0,0,9653
tilak_nagar,8,3,6,4,1,1,0,0,0,0,1,9142
tilak_nagar,9,4,4,3,0,0,0,0,0,0,0,8415
tilak_nagar,5,2,1,1,0,1,1,0,1,0,1,6412
rajendra_nagar,10,5,6,3,0,1,1,0,0,1,1,10324
tilak_nagar,5,4,3,2,1,1,0,0,0,0,0,6669
tilak_nagar,3,4,5,1,1,1,0,1,1,1,0,8868
rajendra_nagar,6,5,1,1,0,0,1,1,0,1,1,9473
annapurna,9,5,4,3,0,1,0,1,0,1,0,11101
tilak_nagar,9,3,5,4,0,1,1,1,0,1,1,10957
tilak_nagar,7,5,1,2,0,0,1,0,1,0,0,8193
palasia,3,2,3,4,1,0,1,0,0,0,0,7212
bhanwar_kuan,7,1,4,1,0,0,1,1,1,1,1,8884
rajendra_nagar,8,1,1,1,0,1,1,0,1,0,0,6849
bhanwar_kuan,2,5,1,4,1,1,1,1,0,0,1,9070
tilak_nagar,1,4,5,1,1,0,1,1,0,1,1,7991
vijay_nagar,3,4,1,1,1,0,1,0,0,1,1,7493
rajendra_nagar,10,4,5,2,0,1,1,1,0,1,1,11533
bhanwar_kuan,2,1,5,4,1,0,1,1,0,1,0,7736
bhanwar_kuan,2,3,3,4,0,1,0,1,0,1,1,8963
annapurna,6,5,2,4,1,1,0,0,0,1,0,8520
annapurna,2,3,4,1,1,1,0,1,0,1,1,7803
tilak_nagar,9,2,5,1,0,0,1,0,0,0,0,6542
tilak_nagar,10,3,3,2,1,0,0,0,0,1,1,8016
tilak_nagar,10,3,3,1,0,0,0,0,1,1,0,8363
vijay_nagar,10,2,6,3,0,0,1,0,1,0,0,9878
tilak_nagar,8,5,5,2,1,0,1,1,0,0,1,11077
rajendra_nagar,3,4,1,4,0,1,1,0,1,0,1,8229
annapurna,7,5,4,3,0,1,0,1,1,1,0,11493
rajendra_nagar,4,2,4,2,1,1,0,0,1,0,1,7331
vijay_nagar,7,3,4,4,0,0,0,0,1,0,1,9999
rajendra_nagar,2,1,1,4,1,1,0,1,0,0,1,6495
annapurna,1,3,3,1,0,0,0,0,0,0,0,4929
bhanwar_kuan,2,3,2,1,0,0,1,0,1,1,1,7201
palasia,2,2,4,2,1,1,0,0,1,1,1,7673
vijay_nagar,3,3,3,4,0,0,1,1,1,1,1,11038
rajendra_nagar,6,3,3,4,0,0,0,1,0,1,1,9275
vijay_nagar,3,4,6,3,1,1,1,1,0,1,1,11037
palasia,2,2,3,3,0,1,0,1,0,1,1,8557
annapurna,4,1,6,2,1,1,1,1,1,0,1,8943
tilak_nagar,8,1,2,3,0,1,1,0,1,0,1,7505
rajendra_nagar,4,2,2,4,1,1,0,1,1,1,1,9630
palasia,4,2,1,2,0,1,1,0,0,0,1,6050
annapurna,3,4,6,4,0,1,1,0,1,1,1,10016
vijay_nagar,6,1,6,4,1,0,0,1,0,0,1,9527
vijay_nagar,7,5,2,4,1,0,1,1,1,0,1,12247
annapurna,8,5,4,3,0,1,1,1,0,0,1,10230
rajendra_nagar,7,3,6,4,0,0,0,0,0,1,1,9136
vijay_nagar,9,3,2,2,1,0,1,0,0,1,0,8650
annapurna,8,4,5,3,1,1,0,1,0,1,1,10454
vijay_nagar,7,4,2,1,1,0,1,1,1,0,0,9768
vijay_nagar,5,5,4,4,0,1,0,1,1,1,1,12658
annapurna,5,1,1,1,0,1,0,1,0,1,0,5885
palasia,10,2,4,1,1,1,0,1,1,0,1,9715
tilak_nagar,3,2,1,3,1,0,1,1,0,1,0,7386
vijay_nagar,2,3,6,4,1,1,1,1,0,1,0,10096
bhanwar_kuan,9,1,2,2,1,0,1,1,0,0,1,8244
annapurna,1,2,6,3,0,0,0,0,1,1,0,6708
annapurna,7,2,5,2,1,0,1,1,1,1,1,9556
bhanwar_kuan,10,2,1,3,0,0,1,1,1,1,0,9926
tilak_nagar,1,4,2,2,0,0,1,1,1,1,0,8254
rajendra_nagar,1,2,4,2,0,0,0,1,1,1,1,7648
vijay_nagar,8,2,5,2,0,1,1,0,1,1,0,9946
tilak_nagar,7,4,2,3,1,0,1,1,0,0,1,9389
vijay_nagar,1,4,5,3,0,0,1,0,1,1,0,8846
annapurna,10,2,6,4,1,1,1,0,0,1,0,9406
bhanwar_kuan,3,1,4,1,0,1,0,1,0,1,0,7124
bhanwar_kuan,4,3,3,2,0,0,0,1,1,1,1,8541
tilak_nagar,1,4,5,4,0,0,1,0,1,1,0,8549
palasia,5,2,4,3,0,0,1,0,1,1,1,8572
palasia,1,2,2,1,0,1,1,0,0,1,1,5846
rajendra_nagar,9,3,6,1,0,1,0,1,1,0,1,9706
tilak_nagar,10,5,2,2,0,0,0,0,1,0,0,8457
bhanwar_kuan,2,2,2,4,1,1,1,1,0,1,0,8270
rajendra_nagar,2,1,4,2,1,0,0,1,0,0,1,6854
bhanwar_kuan,2,1,4,4,1,1,0,0,0,1,0,6145
annapurna,10,2,5,3,1,0,0,0,0,0,0,8064
vijay_nagar,4,2,1,3,0,0,1,1,1,0,0,8724
vijay_nagar,6,1,6,1,1,1,0,1,1,1,0,9374
annapurna,6,3,6,1,0,1,1,0,0,1,1,7603
bhanwar_kuan,6,3,2,1,0,0,0,1,1,0,0,7692
palasia,10,3,2,3,0,0,0,0,1,0,0,8432
vijay_nagar,2,3,2,3,0,0,1,1,0,0,1,8184
tilak_nagar,7,3,6,3,1,1,1,1,1,0,0,10649
palasia,7,2,1,2,1,0,1,1,0,1,1,8470
tilak_nagar,8,5,3,3,1,0,0,0,0,0,1,8751
rajendra_nagar,1,5,5,2,1,1,0,0,1,1,0,8224
annapurna,10,1,3,1,0,0,0,1,1,0,1,8138
vijay_nagar,5,5,3,1,1,1,0,1,1,0,1,10186
tilak_nagar,8,1,3,1,0,1,1,1,0,0,0,7843
bhanwar_kuan,8,3,3,4,0,0,1,0,1,1,1,9472
rajendra_nagar,2,5,4,3,1,1,0,1,0,1,1,9965
tilak_nagar,1,3,3,1,0,1,1,1,0,0,0,6794
annapurna,4,5,2,1,1,1,1,1,0,0,1,8391
palasia,9,5,2,2,0,0,1,0,0,0,1,9393
bhanwar_kuan,8,1,2,2,0,1,0,1,1,1,1,8617
vijay_nagar,9,2,3,1,1,1,1,1,1,1,0,10904
vijay_nagar,4,4,2,1,1,0,0,0,1,0,0,7535
palasia,5,4,1,3,1,0,1,0,0,0,1,8204
rajendra_nagar,8,5,5,2,1,0,1,0,1,1,1,10122
annapurna,5,1,1,1,1,1,1,0,0,1,1,5865
rajendra_nagar,7,1,2,1,0,1,0,0,1,0,1,6677
palasia,9,4,2,3,1,1,1,0,0,0,0,8857
bhanwar_kuan,3,3,3,1,1,1,0,0,0,1,0,6650
palasia,8,4,2,1,0,1,1,0,1,1,1,9620
tilak_nagar,5,3,1,4,1,1,1,0,1,1,1,9364
annapurna,8,4,2,3,0,0,1,1,1,1,0,10666
annapurna,4,4,3,3,1,0,1,1,1,1,0,10168
vijay_nagar,2,4,3,4,1,1,1,1,1,0,0,10472
vijay_nagar,4,4,6,1,0,1,1,0,0,0,0,8161
rajendra_nagar,2,3,1,3,1,0,0,0,0,0,1,5570
annapurna,10,3,3,3,1,0,1,0,0,0,0,7649
vijay_nagar,10,1,1,4,1,0,1,0,1,0,0,8880
tilak_nagar,4,5,6,4,0,0,1,1,1,0,1,11238
tilak_nagar,3,3,3,1,0,0,0,0,0,1,1,5720
tilak_nagar,9,2,5,3,0,0,1,1,1,1,0,10934
vijay_nagar,6,5,4,1,1,0,1,0,1,1,0,9755
palasia,10,3,6,1,1,0,1,0,1,0,0,9649
tilak_nagar,3,3,4,2,0,1,1,1,0,0,0,8366
annapurna,2,1,5,4,0,0,1,0,1,1,0,7449
vijay_nagar,2,4,1,4,0,0,0,1,1,1,0,9575
bhanwar_kuan,4,3,4,1,0,1,0,1,1,1,1,8962
annapurna,6,5,6,2,0,0,1,1,0,1,1,10089
rajendra_nagar,6,5,4,2,0,0,0,1,0,0,0,8512
annapurna,6,1,6,3,0,0,1,1,0,1,0,8853
annapurna,6,3,1,3,1,1,0,0,0,1,0,6899
annapurna,9,2,3,3,0,1,0,0,0,1,0,7139
tilak_nagar,6,1,5,1,1,0,1,0,0,1,0,6438
bhanwar_kuan,2,2,5,1,0,1,0,1,0,1,1,7077
annapurna,4,1,4,2,1,1,1,0,1,1,0,7261
annapurna,4,4,2,3,0,0,1,0,1,0,0,7838
palasia,9,2,5,4,1,1,0,0,1,1,0,10294
palasia,2,4,2,1,0,0,1,1,1,0,0,8372
annapurna,9,2,4,3,1,0,1,0,1,1,0,9319
vijay_nagar,9,4,2,3,1,0,1,0,1,0,1,10382
bhanwar_kuan,1,5,2,3,1,0,1,0,1,1,1,8955
tilak_nagar,1,3,5,1,1,0,0,1,0,1,1,7925
bhanwar_kuan,3,2,6,3,1,0,1,1,0,0,0,7962
bhanwar_kuan,9,1,6,1,1,1,1,1,0,1,1,9809
tilak_nagar,3,3,5,4,0,0,0,1,0,0,1,8762
tilak_nagar,10,1,3,3,1,1,1,1,1,0,0,9438
palasia,5,2,2,1,1,0,1,1,1,0,1,8450
palasia,4,5,4,4,0,0,0,1,1,1,1,11374
rajendra_nagar,7,3,1,2,1,0,0,1,1,1,0,9277
vijay_nagar,1,1,4,3,0,1,0,0,1,0,1,6582
bhanwar_kuan,6,5,1,4,1,1,0,0,1,1,1,9551
bhanwar_kuan,1,3,1,1,1,1,0,1,0,0,0,6815
tilak_nagar,2,3,5,4,1,0,1,1,1,0,1,9763
annapurna,2,3,5,4,0,0,1,1,1,1,0,9402
palasia,4,4,4,4,1,0,0,0,0,1,0,8709
annapurna,5,3,4,1,0,1,1,1,1,1,1,9519
rajendra_nagar,7,2,5,1,1,1,1,0,1,0,0,7786
rajendra_nagar,6,4,5,2,0,0,0,1,1,0,0,9494
tilak_nagar,5,4,5,1,0,0,0,1,0,0,0,7996
annapurna,4,2,6,2,1,1,1,1,1,0,0,9006
rajendra_nagar,6,1,5,3,0,0,0,0,0,1,0,6665
tilak_nagar,10,3,3,2,0,1,0,0,0,1,1,8289
rajendra_nagar,9,4,5,2,0,1,1,0,0,1,0,8919
palasia,5,4,1,2,0,1,1,1,1,1,0,9698
tilak_nagar,1,2,2,1,1,0,1,0,1,0,0,5549
vijay_nagar,8,2,4,3,0,0,0,0,1,1,1,9374
bhanwar_kuan,10,4,2,4,0,1,1,1,0,1,0,11116
bhanwar_kuan,7,2,2,2,1,1,1,1,1,0,0,8762
palasia,8,5,3,3,0,1,1,0,0,1,1,10192
palasia,3,1,1,4,1,0,0,0,1,0,0,6401
vijay_nagar,10,1,2,2,0,0,1,0,0,1,1,7776
rajendra_nagar,3,4,4,4,0,0,1,1,1,0,1,9620
bhanwar_kuan,8,4,4,1,0,1,0,0,1,0,1,8552
annapurna,9,5,1,4,1,0,0,1,0,1,0,10396
rajendra_nagar,7,5,2,2,0,1,0,0,1,1,1,9345
tilak_nagar,3,1,6,2,0,1,0,1,1,1,1,8288
vijay_nagar,8,3,5,1,1,1,0,0,0,1,0,8434
tilak_nagar,2,4,5,2,0,0,1,1,0,0,1,8661
bhanwar_kuan,7,3,3,4,1,0,1,1,1,0,1,10935
tilak_nagar,5,2,6,2,0,1,1,0,1,0,0,7779
rajendra_nagar,4,2,2,1,0,1,1,0,1,0,0,6372
vijay_nagar,2,4,3,1,0,1,0,0,0,0,1,6722
rajendra_nagar,7,5,1,3,0,0,0,1,1,1,1,10233
tilak_nagar,1,5,2,3,1,0,1,1,1,0,1,9607
tilak_nagar,9,2,2,2,1,1,1,1,0,1,0,9322
palasia,8,4,4,4,1,1,1,1,1,0,1,12123
bhanwar_kuan,1,5,1,3,1,1,0,1,0,1,0,8917
annapurna,9,1,5,1,0,0,1,1,1,1,0,9469
tilak_nagar,1,2,3,4,1,0,0,0,1,0,1,6303
palasia,3,5,4,3,1,0,0,0,1,0,1,8491
rajendra_nagar,5,2,6,1,1,0,1,0,1,0,1,7428
palasia,3,2,2,2,0,1,0,0,0,1,0,6044
annapurna,1,3,4,4,0,0,1,1,1,0,1,8919
annapurna,2,2,6,2,0,0,1,0,0,1,1,6104
palasia,6,3,1,4,1,1,1,0,1,0,0,8361
tilak_nagar,5,1,6,4,0,1,0,0,0,0,0,6548
palasia,8,2,1,4,0,0,1,0,0,0,0,7589
bhanwar_kuan,4,5,5,1,0,0,0,0,1,1,1,8517
vijay_nagar,3,2,1,3,0,0,1,0,1,1,0,7212
bhanwar_kuan,3,3,4,2,1,1,0,0,0,1,1,6883
tilak_nagar,3,5,6,1,0,1,0,0,1,1,0,7910
vijay_nagar,1,5,2,2,1,0,0,1,0,0,0,8057
vijay_nagar,5,2,5,3,0,1,0,1,0,0,1,9786
vijay_nagar,3,1,6,2,0,1,0,1,0,1,0,7920
annapurna,5,1,3,4,0,1,0,0,1,1,1,7565
annapurna,6,4,3,2,1,1,0,1,0,0,1,8647
rajendra_nagar,1,3,3,4,1,1,0,1,0,0,0,7544
palasia,4,3,3,1,0,1,1,1,0,0,0,8333
annapurna,1,4,5,2,0,1,1,1,0,1,0,8937
vijay_nagar,3,2,1,3,0,1,1,1,0,1,0,8594
palasia,2,3,6,3,0,1,0,1,0,1,1,9292
vijay_nagar,10,2,6,2,0,0,0,0,0,0,1,9018
vijay_nagar,4,5,4,2,0,1,0,1,0,1,0,10244
rajendra_nagar,6,3,4,3,0,0,1,0,1,1,1,8587
tilak_nagar,10,4,3,2,0,1,1,0,1,0,1,9981
bhanwar_kuan,6,3,5,2,0,1,0,0,1,0,0,8358
annapurna,7,2,3,4,1,0,1,1,0,0,1,9369
bhanwar_kuan,1,1,4,3,0,0,1,1,0,0,0,6732
rajendra_nagar,9,3,1,1,1,1,0,1,1,0,0,8873
tilak_nagar,6,5,2,3,1,0,0,1,0,0,0,9215
bhanwar_kuan,2,2,2,2,0,1,1,1,0,1,1,7230
vijay_nagar,6,3,6,1,1,1,1,0,0,0,0,8784
annapurna,2,3,4,2,0,0,1,1,0,0,1,7425
rajendra_nagar,10,5,1,1,1,1,1,0,1,0,0,8892
tilak_nagar,10,1,4,4,1,0,1,0,0,1,0,8759
palasia,1,1,2,1,1,0,0,1,1,1,0,7259
annapurna,10,5,4,4,1,1,0,0,0,1,1,10515
rajendra_nagar,2,1,2,2,1,1,1,1,1,0,1,7556
rajendra_nagar,6,1,5,1,1,1,0,1,1,1,1,8750
rajendra_nagar,10,5,6,3,0,0,0,0,1,1,1,10437
palasia,5,4,1,2,1,0,0,1,0,0,1,8280
vijay_nagar,7,3,5,3,0,1,0,0,1,1,0,9922
tilak_nagar,9,3,2,1,1,1,1,0,0,0,1,7863
tilak_nagar,4,2,3,1,0,0,0,1,1,1,1,7585
tilak_nagar,7,3,5,4,0,1,1,1,1,0,0,11055
rajendra_nagar,7,1,5,2,0,0,1,0,1,1,1,7548
palasia,9,3,4,2,0,1,0,0,0,1,1,8761
annapurna,7,3,2,2,0,1,1,1,1,1,0,9524
rajendra_nagar,5,3,1,3,0,0,0,0,0,1,1,7117
annapurna,3,3,3,4,0,0,0,1,0,1,1,8140
rajendra_nagar,5,5,6,2,0,0,1,0,1,0,1,9479
annapurna,2,5,3,1,0,0,0,0,1,0,0,6672
tilak_nagar,10,2,4,1,1,1,0,1,1,0,1,9320
rajendra_nagar,4,5,2,2,0,0,0,1,0,0,1,8695
annapurna,3,4,1,4,1,1,0,0,1,1,1,7861
palasia,6,3,4,1,1,1,1,0,0,0,1,7613
annapurna,3,1,5,2,0,0,1,0,1,0,0,5781
vijay_nagar,6,2,4,2,1,0,0,0,1,0,0,7786
rajendra_nagar,10,3,2,4,1,1,1,0,0,1,0,9444
rajendra_nagar,3,4,2,1,1,0,0,1,0,0,0,6769
bhanwar_kuan,10,4,6,4,1,1,0,1,0,0,0,11790
bhanwar_kuan,7,3,2,1,0,1,0,0,0,0,0,6033
tilak_nagar,1,2,1,1,1,0,1,1,0,1,1,6563
annapurna,5,3,2,2,1,1,0,0,1,1,0,7062
rajendra_nagar,6,3,6,3,1,1,0,0,1,1,0,8682
rajendra_nagar,6,4,3,3,1,1,1,1,0,1,1,10086
rajendra_nagar,8,1,4,2,1,0,0,0,0,0,1,6199
rajendra_nagar,7,2,4,1,0,0,0,0,1,0,1,6938
tilak_nagar,9,4,6,2,1,0,0,0,1,0,1,9228
rajendra_nagar,8,3,5,1,0,0,0,0,1,1,1,8540
bhanwar_kuan,7,4,5,1,1,1,1,1,0,1,1,10572
palasia,2,4,1,3,1,1,0,0,1,1,1,8006
rajendra_nagar,2,1,6,2,0,1,0,0,0,0,1,5023
annapurna,4,4,5,2,0,1,0,0,1,0,0,7532
tilak_nagar,2,2,4,1,1,1,0,1,1,0,0,7052
palasia,8,3,2,3,0,0,1,1,1,1,0,10796
annapurna,4,2,1,1,1,0,0,1,0,0,0,6239
bhanwar_kuan,8,2,3,3,0,1,1,1,1,0,0,9926
palasia,5,5,4,2,0,1,1,1,0,0,1,9940
bhanwar_kuan,5,2,1,1,0,1,0,1,1,1,0,8325
vijay_nagar,6,4,6,3,0,0,1,1,0,0,0,10235
annapurna,2,3,6,3,0,1,0,0,0,0,1,6704
annapurna,7,5,5,1,1,1,1,0,1,0,0,8637
annapurna,4,5,5,2,0,1,0,1,0,0,0,9245
tilak_nagar,2,5,4,1,1,0,1,1,0,1,1,8970
rajendra_nagar,8,1,6,1,0,1,1,0,1,1,0,7498
vijay_nagar,9,4,6,2,1,0,1,1,0,0,1,10998
tilak_nagar,6,1,2,1,1,0,1,0,0,1,0,5671
tilak_nagar,7,1,1,2,1,0,0,0,0,1,1,6105
palasia,6,2,2,4,1,0,1,1,1,0,0,9309
bhanwar_kuan,7,3,5,1,0,0,1,1,0,0,0,9035
palasia,8,3,2,2,1,1,0,0,0,0,1,7995
rajendra_nagar,9,1,5,4,0,1,1,1,0,0,1,9272
vijay_nagar,4,3,4,1,1,1,0,1,0,1,1,9501
vijay_nagar,5,1,2,4,0,1,1,0,1,1,1,9347
bhanwar_kuan,8,2,2,1,0,1,0,1,1,0,1,8235
tilak_nagar,10,4,2,3,1,0,0,0,1,1,0,9353
bhanwar_kuan,2,3,2,1,1,1,0,1,1,1,0,7707
vijay_nagar,1,3,4,2,1,0,0,0,1,1,0,7628
palasia,4,1,1,4,0,1,1,0,1,0,0,7518
bhanwar_kuan,3,2,5,4,1,0,0,0,0,0,1,7037
palasia,8,2,2,2,0,1,0,1,0,1,0,9075
tilak_nagar,4,5,2,4,1,1,0,1,0,0,0,9783
vijay_nagar,9,5,3,4,0,0,1,0,0,1,1,10699
rajendra_nagar,3,1,3,2,0,0,1,1,1,1,0,7560
palasia,9,1,3,1,0,0,1,0,1,1,1,7887
palasia,10,2,6,3,0,1,0,0,0,1,1,9332
palasia,4,4,5,1,0,1,1,1,0,0,1,9185
annapurna,5,4,6,2,1,1,1,1,1,0,0,9741
bhanwar_kuan,6,1,4,1,0,0,1,1,0,1,1,7609
bhanwar_kuan,4,5,3,1,1,1,1,0,1,1,0,8958
bhanwar_kuan,2,5,4,4,1,1,0,1,1,1,0,11180
palasia,7,1,3,4,1,1,1,0,0,1,0,8009
vijay_nagar,6,2,5,2,0,1,0,0,0,0,1,7544
annapurna,2,3,6,2,1,0,1,0,0,0,1,6822
palasia,8,4,2,4,1,1,0,1,0,0,1,10938
palasia,7,3,5,4,0,0,0,1,1,0,1,10624
bhanwar_kuan,3,2,2,4,1,0,0,1,0,0,0,7049
vijay_nagar,9,4,2,1,1,1,0,1,0,1,0,10174
bhanwar_kuan,1,5,1,3,0,0,1,1,1,1,1,9673
tilak_nagar,1,2,6,2,1,1,1,1,0,0,1,7472
bhanwar_kuan,2,3,1,2,0,1,0,0,1,0,0,6177
tilak_nagar,2,5,4,1,0,1,0,1,1,0,1,8771
tilak_nagar,10,1,1,4,1,1,1,0,1,1,1,9258
rajendra_nagar,1,3,4,1,1,1,0,0,1,1,0,6499
bhanwar_kuan,5,1,4,4,1,1,0,0,0,1,0,7584
palasia,1,1,1,4,0,1,0,1,1,1,0,7661
annapurna,8,4,4,3,1,1,0,1,0,1,1,10417
bhanwar_kuan,8,4,4,3,1,0,1,0,0,0,1,8662
annapurna,4,3,6,4,1,0,0,1,1,1,1,10024
annapurna,6,5,1,1,1,1,0,1,1,0,0,8801
palasia,10,2,1,1,0,0,0,0,1,1,0,8175
bhanwar_kuan,8,5,2,2,0,1,1,0,1,1,0,9896
palasia,2,4,4,1,1,1,0,1,1,1,1,9441
vijay_nagar,10,2,4,3,1,0,1,1,1,1,1,12289
vijay_nagar,1,4,4,2,1,0,0,1,1,1,1,10206
tilak_nagar,7,3,4,1,0,0,0,1,1,1,0,9061
bhanwar_kuan,8,4,1,4,1,1,0,0,0,0,0,8800
bhanwar_kuan,2,5,1,4,1,1,1,0,0,1,0,8263
bhanwar_kuan,4,1,3,2,1,1,1,0,1,1,1,7687
tilak_nagar,6,1,1,4,1,1,1,1,0,0,1,8309
annapurna,8,4,1,4,0,0,1,0,0,1,0,8403
palasia,5,2,2,4,1,0,1,1,0,1,0,9133
vijay_nagar,2,5,2,1,0,1,0,1,1,1,1,9845
tilak_nagar,7,3,6,2,1,1,0,1,0,1,1,10245
annapurna,4,3,4,4,1,1,0,1,0,0,0,8790
annapurna,9,4,3,1,1,1,1,1,1,1,1,11309
rajendra_nagar,6,3,1,4,0,0,1,1,0,0,1,8385
vijay_nagar,4,5,4,3,1,0,1,0,1,0,0,9769
palasia,7,4,4,3,1,1,1,0,1,0,1,10203
bhanwar_kuan,4,2,4,1,0,0,1,0,1,1,0,6529
rajendra_nagar,6,1,5,2,1,0,1,1,0,1,0,7886
bhanwar_kuan,3,5,4,1,0,0,1,1,1,0,0,8742
annapurna,3,5,3,4,0,0,0,1,0,1,0,8913
rajendra_nagar,3,4,1,3,1,1,1,0,1,1,1,8928
annapurna,5,5,3,3,1,0,1,0,0,0,1,8264
rajendra_nagar,7,5,1,4,0,1,1,0,1,1,1,10086
tilak_nagar,7,1,6,1,0,1,0,0,0,0,0,5554
annapurna,6,3,5,4,0,0,1,0,0,1,0,8129
tilak_nagar,10,2,2,1,0,1,1,1,1,1,1,10404
vijay_nagar,9,5,3,3,1,0,0,1,1,1,0,12748
vijay_nagar,4,5,4,4,1,1,1,0,1,1,1,11200
rajendra_nagar,2,2,6,1,0,1,0,1,0,0,0,7197
bhanwar_kuan,7,4,2,4,1,0,1,1,1,1,1,11835
vijay_nagar,6,3,4,4,1,1,0,0,0,0,1,9128
palasia,5,3,6,4,0,0,1,1,1,1,0,11364
bhanwar_kuan,3,5,4,4,1,0,1,0,0,0,1,8844
tilak_nagar,7,4,1,4,1,0,1,1,1,0,0,10704
annapurna,1,3,4,4,1,0,1,0,0,1,0,7243
annapurna,10,2,2,4,0,1,1,0,0,1,1,8466
bhanwar_kuan,10,2,6,4,0,1,0,1,1,0,0,10530
vijay_nagar,5,2,6,2,1,1,0,0,1,1,0,8532
bhanwar_kuan,9,2,6,4,1,1,0,1,1,0,0,10714
vijay_nagar,6,1,4,1,1,1,0,0,0,0,0,6697
palasia,8,3,1,1,1,0,1,1,1,1,0,9810
tilak_nagar,2,1,3,4,0,0,1,0,0,1,1,5975
palasia,4,1,5,3,1,1,1,0,1,0,0,7465
palasia,3,4,1,1,0,1,1,0,1,1,1,7969
rajendra_nagar,3,4,4,1,0,1,0,1,0,0,0,7096
bhanwar_kuan,3,3,5,4,0,0,0,0,1,1,1,8128
palasia,2,4,2,4,0,0,1,1,1,1,1,10618
annapurna,10,5,2,3,1,0,1,0,1,1,0,10684
bhanwar_kuan,9,2,3,2,0,0,1,1,1,0,0,9708
tilak_nagar,7,2,1,2,1,1,0,0,0,0,0,6570
annapurna,6,4,5,3,1,1,1,1,1,0,1,10705
palasia,2,3,6,2,1,0,1,0,0,0,0,7140
annapurna,4,4,4,2,0,0,0,0,1,0,1,7013
tilak_nagar,4,5,3,3,0,0,1,1,1,1,0,9989
annapurna,2,5,6,1,1,1,0,0,0,1,0,6949
annapurna,3,5,1,1,0,0,0,1,0,1,1,8111
tilak_nagar,10,2,5,1,1,1,0,1,1,0,0,9854
vijay_nagar,8,1,1,3,0,1,1,1,1,0,1,9526
vijay_nagar,7,2,6,3,1,1,1,1,1,0,0,10932
rajendra_nagar,4,5,3,2,1,0,0,1,0,0,0,8441
bhanwar_kuan,10,2,5,4,0,0,1,0,1,1,0,9857
vijay_nagar,7,3,3,3,0,0,0,1,1,1,0,10552
vijay_nagar,9,1,4,2,0,1,1,1,1,0,1,10089
tilak_nagar,5,1,4,1,1,0,0,0,1,0,0,5871
bhanwar_kuan,10,1,2,2,1,1,0,1,0,1,1,9486
rajendra_nagar,6,1,2,1,0,1,0,0,0,1,1,5442
palasia,7,4,4,4,1,0,0,1,0,1,1,11399
bhanwar_kuan,9,2,1,1,0,1,0,1,0,0,1,7953
tilak_nagar,6,5,3,2,1,1,1,0,1,0,0,9074
bhanwar_kuan,7,3,4,2,0,0,1,1,1,0,1,10070
annapurna,9,1,1,4,0,0,1,1,0,0,0,8495
annapurna,9,2,3,3,1,1,0,1,1,0,0,10037
palasia,2,5,1,1,1,0,0,0,0,1,0,6583
vijay_nagar,2,1,6,3,1,1,0,0,0,1,1,7445
bhanwar_kuan,8,1,5,1,1,0,1,1,0,0,1,8601
rajendra_nagar,9,1,2,4,0,0,1,1,1,1,1,9594
palasia,3,1,2,2,1,0,0,0,0,1,0,5924
bhanwar_kuan,5,1,2,2,0,0,1,0,0,0,0,5572
bhanwar_kuan,5,5,1,4,0,0,1,1,1,1,1,10773
tilak_nagar,7,2,2,2,1,0,0,1,0,0,0,7559
annapurna,5,3,2,1,0,1,1,0,0,1,1,7192
palasia,10,3,3,4,1,0,1,0,0,0,1,9727
rajendra_nagar,10,5,2,2,1,1,1,1,1,0,0,11132
annapurna,2,5,6,4,1,0,1,0,1,1,0,9610
rajendra_nagar,4,1,3,3,0,1,1,1,0,0,0,6881
annapurna,10,4,5,4,1,0,0,1,1,1,1,12234
annapurna,4,5,1,1,0,1,0,1,0,0,1,8205
annapurna,6,2,2,2,0,0,1,1,1,1,0,8422
bhanwar_kuan,4,1,4,3,1,1,1,1,0,1,0,8899
annapurna,8,4,1,2,0,1,1,0,1,0,1,8285
rajendra_nagar,4,5,2,4,1,0,0,0,1,0,1,8430
bhanwar_kuan,8,1,1,4,1,1,1,0,0,0,0,6972
annapurna,2,2,6,3,0,0,0,0,1,0,1,6629
vijay_nagar,8,5,5,2,0,0,0,1,1,0,0,11274
annapurna,3,5,3,1,0,0,0,1,1,1,1,8593
rajendra_nagar,6,3,4,2,0,0,1,1,0,1,1,8605
rajendra_nagar,5,3,3,2,1,1,0,1,0,0,0,7508
bhanwar_kuan,8,2,1,3,1,0,0,1,1,1,0,9066
vijay_nagar,6,2,2,4,0,0,0,0,1,1,1,8865
bhanwar_kuan,10,5,3,4,0,1,0,0,0,0,1,9971
rajendra_nagar,6,5,4,1,0,0,1,1,0,0,1,9535
bhanwar_kuan,1,5,6,1,0,0,1,0,1,1,1,8030
bhanwar_kuan,10,5,3,3,0,1,0,0,0,0,0,9128
annapurna,1,3,5,2,0,0,0,0,1,0,0,5560
bhanwar_kuan,8,4,4,1,0,1,0,0,0,0,0,7690
palasia,8,3,2,1,0,1,0,0,0,1,1,7967
tilak_nagar,1,5,6,2,0,0,0,1,0,1,1,8892
annapurna,5,1,2,3,0,1,1,1,1,1,1,8538
rajendra_nagar,10,1,5,3,1,1,1,0,1,1,1,9442
vijay_nagar,1,3,5,2,0,0,1,0,1,1,1,8253
palasia,4,4,3,4,0,0,1,0,1,1,0,9314
tilak_nagar,9,3,3,2,0,0,0,1,1,1,0,10181
palasia,10,3,4,1,1,1,1,0,0,1,1,9569
rajendra_nagar,7,3,1,4,0,1,0,0,0,0,0,6703
tilak_nagar,2,1,4,4,1,0,1,0,1,1,0,7195
tilak_nagar,4,1,2,2,1,1,0,0,1,0,0,6145
tilak_nagar,5,1,6,1,0,1,1,0,0,0,0,5876
vijay_nagar,4,1,6,2,1,0,1,1,1,1,1,10495
vijay_nagar,3,2,2,4,1,0,0,1,1,1,0,9383
vijay_nagar,9,3,1,3,0,0,0,1,0,1,0,10336
rajendra_nagar,7,1,4,3,0,0,0,0,1,1,1,7324
tilak_nagar,10,2,4,1,0,1,1,1,1,0,0,9862
vijay_nagar,10,2,5,3,0,1,1,1,0,0,1,10959
vijay_nagar,5,4,1,2,0,0,0,0,0,1,1,7959
rajendra_nagar,9,1,3,4,1,1,0,0,1,0,0,7590
vijay_nagar,3,4,4,2,0,0,1,0,0,1,1,8649
tilak_nagar,9,4,6,1,1,1,0,1,1,1,0,10639
vijay_nagar,2,3,2,1,1,0,1,1,0,1,1,8785
rajendra_nagar,1,5,1,4,1,0,0,1,1,1,1,9779
tilak_nagar,4,1,1,4,0,0,0,0,0,0,1,5862
tilak_nagar,2,1,1,1,0,1,0,1,1,1,0,6178
rajendra_nagar,5,5,3,3,0,1,1,1,1,0,0,10013
vijay_nagar,1,2,4,4,1,0,0,1,0,0,1,8774
tilak_nagar,5,2,1,3,0,0,0,0,0,1,0,6538
tilak_nagar,9,1,4,4,1,1,1,0,0,0,0,7757
annapurna,9,5,4,1,1,1,0,1,0,1,1,10672
bhanwar_kuan,5,3,6,2,1,0,1,0,1,0,1,8494
rajendra_nagar,9,5,3,4,1,0,0,1,0,0,1,10799
tilak_nagar,7,1,5,1,1,1,1,0,0,0,1,6989
tilak_nagar,4,2,5,3,1,0,1,1,0,1,0,8709
vijay_nagar,8,1,2,2,0,0,1,0,1,0,1,7845
palasia,1,4,6,4,1,1,1,0,1,1,0,9164
palasia,7,5,6,1,0,1,1,0,0,1,1,9917
bhanwar_kuan,8,4,5,4,1,1,0,0,1,1,1,10271
bhanwar_kuan,10,5,2,2,0,1,0,0,1,1,0,9301
vijay_nagar,5,2,6,4,1,1,1,0,1,0,1,9534
tilak_nagar,8,5,6,3,1,1,1,0,1,0,0,10071
tilak_nagar,2,1,6,2,1,0,1,1,1,1,0,7994
vijay_nagar,2,2,1,1,0,0,1,1,0,1,0,7615
vijay_nagar,10,5,3,4,1,1,0,1,0,0,0,11757
annapurna,6,1,2,3,0,1,0,1,1,0,0,7590
bhanwar_kuan,2,2,2,3,1,1,1,1,1,1,0,9223
annapurna,3,4,6,2,0,1,1,1,1,1,0,9825
rajendra_nagar,6,5,2,3,1,0,0,1,0,1,0,9771
vijay_nagar,7,4,1,1,0,0,0,1,0,0,1,8488
rajendra_nagar,7,1,4,2,0,1,0,1,0,1,1,8549
rajendra_nagar,4,5,4,4,1,1,1,1,0,0,0,9986
tilak_nagar,7,3,2,1,1,1,0,1,0,1,0,8878
bhanwar_kuan,7,1,2,1,1,0,1,0,1,0,1,7129
rajendra_nagar,7,2,3,2,0,0,0,1,1,0,1,8599
vijay_nagar,1,2,1,3,1,1,1,0,0,1,0,6863
rajendra_nagar,6,1,3,3,0,0,0,0,1,1,1,7596
rajendra_nagar,10,3,4,1,0,0,0,1,0,1,1,8849
palasia,2,1,4,3,0,0,0,1,0,0,1,7457
rajendra_nagar,10,4,6,4,1,1,1,1,1,0,1,12492
bhanwar_kuan,3,5,3,3,1,0,0,0,0,0,1,7738
annapurna,6,1,2,3,0,1,0,1,1,0,1,7887
palasia,3,2,6,2,0,0,0,0,1,1,1,7780
bhanwar_kuan,8,3,6,3,0,1,1,1,1,1,0,11749
annapurna,1,4,4,3,0,1,0,1,0,1,0,7852
palasia,1,5,3,3,1,0,1,0,0,1,1,8495
vijay_nagar,7,2,6,4,1,0,1,1,0,0,0,10674
bhanwar_kuan,5,2,5,3,0,0,1,1,0,1,0,8634
annapurna,1,5,2,2,0,0,1,1,0,0,0,7253
rajendra_nagar,10,4,1,4,1,1,0,1,0,1,0,10654
tilak_nagar,9,1,4,3,0,0,1,1,1,1,0,9864
bhanwar_kuan,8,4,5,4,0,1,1,1,0,0,1,11181
rajendra_nagar,4,5,6,4,0,0,1,1,1,1,1,12079
rajendra_nagar,9,1,5,4,0,0,0,1,1,0,0,9110
tilak_nagar,3,2,6,2,1,1,0,0,0,1,1,6915
tilak_nagar,1,2,2,4,0,0,0,0,0,0,0,5218
rajendra_nagar,5,1,1,2,1,0,0,1,1,1,0,7904
annapurna,8,1,5,4,1,1,1,0,1,1,1,9716
palasia,3,1,6,1,1,1,1,0,1,0,1,6779
vijay_nagar,8,4,4,3,0,1,0,1,1,1,1,12271
palasia,8,1,1,1,0,1,0,0,1,0,1,6818
bhanwar_kuan,10,5,6,3,1,0,1,0,0,1,1,10814
palasia,2,3,2,1,0,1,1,1,1,0,1,8151
palasia,7,4,3,3,1,1,1,0,0,0,1,9242
annapurna,8,2,2,3,1,1,0,1,1,0,0,9549
bhanwar_kuan,6,4,5,4,1,1,0,0,0,0,1,8476
bhanwar_kuan,7,4,2,4,1,0,0,1,0,1,0,9826
palasia,8,2,5,1,1,1,0,1,1,0,0,9280
tilak_nagar,1,4,2,2,1,0,0,0,0,0,0,5921
annapurna,5,1,6,2,1,1,1,1,1,0,0,8806
tilak_nagar,4,3,6,1,1,1,0,1,0,1,1,8884
annapurna,3,3,5,3,0,1,0,0,1,1,1,7673
palasia,4,1,3,1,1,1,1,1,0,0,0,6946
tilak_nagar,7,1,6,4,1,1,1,1,0,1,1,9672
rajendra_nagar,10,5,2,2,0,0,0,0,1,1,1,9497
palasia,10,4,1,1,1,1,0,1,1,0,0,10369
bhanwar_kuan,10,3,6,1,0,0,0,1,0,1,1,9876
tilak_nagar,4,5,1,2,1,1,0,1,0,0,0,8324
vijay_nagar,5,3,6,1,0,0,1,0,0,1,0,8166
palasia,9,3,5,4,1,0,1,0,0,0,1,9507
rajendra_nagar,5,1,2,1,0,1,0,0,0,0,1,4654
annapurna,4,5,5,2,0,1,1,0,1,0,0,8805
annapurna,8,1,2,4,1,1,0,0,0,1,0,7433
annapurna,4,3,1,4,1,1,0,0,0,1,1,7118
tilak_nagar,6,4,5,1,1,1,1,1,0,1,1,10227
bhanwar_kuan,2,1,2,4,1,0,1,0,0,1,0,5638
annapurna,3,3,3,2,1,0,0,1,0,1,1,7905
annapurna,10,4,5,2,0,0,1,1,1,0,0,10820
bhanwar_kuan,3,5,4,1,0,0,0,0,1,0,0,6895
tilak_nagar,4,1,2,2,1,0,0,0,0,0,1,5597
vijay_nagar,8,5,6,3,0,1,1,1,0,0,0,11790
vijay_nagar,3,5,4,4,0,0,0,1,0,0,0,9775
tilak_nagar,4,3,1,2,1,0,1,1,1,1,1,9244
annapurna,9,5,5,3,0,0,0,0,0,1,1,9701
tilak_nagar,7,4,3,4,0,1,1,1,0,0,0,9914
rajendra_nagar,7,3,3,3,0,1,0,1,1,1,0,10257
rajendra_nagar,2,3,1,1,1,1,0,1,0,1,1,6811
vijay_nagar,1,4,3,3,0,1,1,1,0,0,1,9687
rajendra_nagar,3,3,4,1,0,1,0,1,0,0,0,7461
rajendra_nagar,1,1,6,4,1,0,0,1,1,1,1,8443
annapurna,6,2,6,3,0,1,0,1,0,1,0,8511
rajendra_nagar,8,4,3,4,1,1,0,1,1,1,1,11241
vijay_nagar,8,3,5,2,1,1,0,0,0,1,1,9807
annapurna,8,5,1,3,1,1,1,1,0,0,0,10499
rajendra_nagar,3,2,4,4,1,1,1,0,0,1,0,7741
tilak_nagar,10,4,6,3,0,0,1,0,1,1,1,10958
tilak_nagar,5,3,6,1,1,1,1,0,0,0,0,6923
tilak_nagar,6,1,4,2,0,1,0,0,0,0,1,6423
annapurna,7,3,5,1,0,0,0,1,1,1,0,9035
vijay_nagar,2,3,2,4,0,0,0,0,1,1,1,8289
palasia,2,2,3,2,1,1,0,0,0,1,0,5847
palasia,1,3,3,4,0,1,0,1,0,1,0,8478
rajendra_nagar,8,5,3,3,1,1,0,1,0,1,0,10107
palasia,9,4,2,2,0,0,1,1,1,0,1,10915
rajendra_nagar,3,5,6,1,1,1,1,0,1,0,1,8759
annapurna,3,5,5,1,0,1,1,0,0,0,1,7480
vijay_nagar,10,4,5,1,1,0,1,1,1,0,1,11810
annapurna,10,5,2,2,0,1,1,0,0,1,0,8649
palasia,6,2,5,3,1,0,0,0,1,0,1,8616
palasia,5,3,1,3,1,1,1,0,1,0,0,7829
vijay_nagar,5,2,2,1,0,0,1,1,1,0,0,8611
tilak_nagar,6,2,2,1,1,1,0,1,0,1,0,7692
bhanwar_kuan,5,4,4,2,0,1,0,0,0,0,0,7506
palasia,9,4,4,4,1,0,1,0,1,1,1,11328
bhanwar_kuan,5,4,2,3,1,0,1,1,0,1,0,9144
palasia,7,1,4,3,1,0,0,1,0,0,1,8888
tilak_nagar,2,5,6,2,1,1,1,0,1,1,1,9481
vijay_nagar,5,3,6,4,0,0,1,0,0,1,0,9626
tilak_nagar,9,4,6,1,0,1,1,1,0,0,1,10256
tilak_nagar,5,1,5,4,0,0,1,1,0,1,0,8380
tilak_nagar,5,5,2,2,0,1,1,0,1,1,0,8598
bhanwar_kuan,10,3,4,2,0,1,1,1,1,0,0,10866
palasia,2,4,2,2,0,0,1,0,1,0,1,7146
bhanwar_kuan,9,4,5,2,0,1,0,0,0,1,1,8786
rajendra_nagar,9,4,5,4,1,1,0,1,0,1,1,11367
palasia,6,5,3,3,1,1,1,0,1,0,0,9913
vijay_nagar,10,4,2,4,0,0,0,1,0,1,0,10988
annapurna,9,1,4,3,1,1,0,1,0,0,0,8333
tilak_nagar,4,1,4,2,1,0,0,1,0,0,1,7301
rajendra_nagar,3,4,5,3,0,1,1,1,0,0,0,8732
annapurna,9,3,4,4,1,0,0,0,1,0,1,9412
annapurna,4,2,6,1,1,0,0,1,1,1,1,8654
vijay_nagar,9,3,3,2,0,0,0,0,1,1,0,9227
palasia,6,5,4,1,1,0,0,1,1,0,1,10474
palasia,4,2,4,4,0,0,0,0,0,1,1,7578
tilak_nagar,9,1,6,2,1,1,1,1,0,1,0,9897
tilak_nagar,9,1,1,4,1,1,1,1,0,1,0,9241
vijay_nagar,9,5,5,4,0,1,0,0,0,0,1,10651
palasia,5,2,5,3,1,0,1,1,0,1,1,9288
vijay_nagar,4,2,6,3,1,1,1,0,1,0,1,9301
annapurna,9,4,2,3,0,0,1,1,0,0,1,9355
rajendra_nagar,2,1,1,3,0,0,0,0,0,0,1,4612
annapurna,8,4,2,4,1,0,0,0,1,0,1,9009
annapurna,9,2,1,2,0,1,1,0,0,1,0,7128
rajendra_nagar,10,2,2,4,0,1,0,1,0,0,0,8830
bhanwar_kuan,6,2,5,2,0,1,1,1,0,0,0,8368
bhanwar_kuan,5,1,4,2,1,0,0,0,1,0,0,6159
bhanwar_kuan,9,5,3,3,1,1,1,1,1,0,0,11612
bhanwar_kuan,7,4,4,1,0,0,0,1,1,0,1,9613
palasia,10,4,3,1,0,1,1,0,0,0,1,9130
bhanwar_kuan,1,2,5,2,1,0,1,0,0,1,0,6369
annapurna,3,4,1,1,0,0,0,0,1,0,1,5722
tilak_nagar,1,2,6,3,0,1,1,1,1,1,0,9362
annapurna,2,1,6,1,0,1,0,1,0,1,1,7131
palasia,5,4,2,3,1,0,0,0,1,0,1,8358
annapurna,7,4,5,3,1,0,0,0,0,0,0,7681
rajendra_nagar,2,3,1,2,0,0,1,1,1,1,1,8630
annapurna,9,4,6,2,1,1,0,1,0,1,0,10849
vijay_nagar,1,1,1,2,0,0,1,0,0,0,0,4679
palasia,6,3,6,3,0,0,1,1,1,0,1,10953
annapurna,4,4,3,2,1,0,0,0,0,1,1,6784
palasia,1,4,1,2,1,1,1,0,1,1,0,7752
bhanwar_kuan,8,4,1,1,0,1,0,0,0,1,1,8050
palasia,1,3,1,2,0,1,1,1,0,1,0,7483
palasia,1,5,1,4,1,1,0,1,0,1,1,9779
rajendra_nagar,4,3,4,4,0,0,0,0,0,1,1,7060
palasia,10,3,6,3,0,0,0,0,0,0,1,8991
palasia,4,2,3,2,1,0,0,1,0,0,0,7474
palasia,3,1,3,3,0,1,1,1,1,1,0,9244
bhanwar_kuan,5,5,3,2,0,1,1,0,0,0,1,7826
tilak_nagar,4,5,5,2,1,1,1,1,1,1,1,11582
tilak_nagar,3,2,3,1,1,1,1,1,0,1,0,7376
bhanwar_kuan,1,4,3,1,1,0,0,1,0,0,1,7021
vijay_nagar,1,3,1,3,0,1,1,0,1,1,1,8648
rajendra_nagar,8,2,2,4,0,0,1,1,0,1,0,8878
rajendra_nagar,4,4,4,1,1,0,0,1,1,1,0,9334
palasia,8,4,4,2,1,1,1,0,1,1,1,10705
vijay_nagar,9,3,5,4,1,0,1,0,0,1,0,10141
palasia,9,5,6,2,1,1,0,0,0,1,0,9717
rajendra_nagar,1,3,4,4,0,1,1,0,0,1,1,7506
annapurna,10,3,2,3,1,0,1,0,0,1,1,8627
tilak_nagar,3,3,6,2,0,0,0,1,0,1,1,8794
vijay_nagar,7,5,3,2,1,0,1,1,0,0,1,11225
rajendra_nagar,1,3,2,3,0,1,1,0,0,1,1,6169
vijay_nagar,7,5,4,3,0,1,1,1,1,1,0,13038
vijay_nagar,1,5,2,2,1,1,0,1,1,0,0,9923
annapurna,7,5,2,1,0,0,0,1,1,0,1,8892
palasia,1,1,4,3,0,1,0,0,0,1,0,5597
bhanwar_kuan,3,2,6,4,1,0,0,1,0,0,1,8709
tilak_nagar,10,4,3,3,1,0,1,1,1,0,0,10904
vijay_nagar,1,1,4,2,0,1,0,1,1,1,1,8186
tilak_nagar,10,2,2,2,0,0,1,1,0,1,1,9117
vijay_nagar,10,5,5,3,0,0,0,0,1,0,0,11270
vijay_nagar,6,5,3,4,1,1,0,1,1,0,1,12155
annapurna,4,4,5,3,1,1,1,0,1,0,0,8677
palasia,5,4,3,3,1,0,1,0,1,0,0,8252
bhanwar_kuan,8,2,3,1,1,0,0,1,1,0,0,8201
bhanwar_kuan,3,1,4,1,1,1,1,1,1,0,0,7663
palasia,1,1,3,4,1,0,1,1,1,0,1,8521
annapurna,8,4,1,1,0,1,1,0,0,1,1,7306
annapurna,4,4,3,4,1,1,1,0,0,1,0,8509
tilak_nagar,10,3,2,1,0,1,0,0,1,0,0,7851
bhanwar_kuan,9,5,4,2,0,1,1,1,0,1,0,10826
vijay_nagar,3,3,3,1,1,0,0,1,0,1,0,7773
palasia,2,1,4,1,1,1,0,0,1,1,1,6830
rajendra_nagar,1,1,4,4,1,0,0,1,0,0,0,6537
annapurna,7,5,4,3,0,0,1,1,0,0,0,9449
bhanwar_kuan,5,2,1,3,1,1,0,0,1,0,1,7245
tilak_nagar,6,2,5,1,1,1,1,1,0,0,1,8693
palasia,7,2,3,4,1,1,1,1,0,1,0,9654
vijay_nagar,10,5,2,1,1,1,0,0,0,0,1,8941
bhanwar_kuan,8,2,2,2,0,0,1,1,1,0,0,8870
rajendra_nagar,1,5,6,2,0,1,0,0,1,1,0,7684
vijay_nagar,1,2,1,4,0,1,1,1,1,1,0,9449
palasia,4,4,4,2,0,1,0,1,0,1,0,9143
tilak_nagar,5,4,5,3,0,0,0,0,1,0,0,8026
annapurna,3,3,5,1,0,1,0,1,0,0,0,6902
vijay_nagar,3,4,4,1,0,1,0,1,0,1,0,9119
rajendra_nagar,10,1,6,1,0,0,0,0,1,1,0,7865
palasia,8,4,3,4,0,1,0,1,0,1,1,11511
palasia,3,3,4,4,1,0,1,0,0,0,1,8112
annapurna,7,1,2,2,0,0,0,1,0,1,1,7913
annapurna,7,2,6,4,0,0,0,0,1,1,0,8542
bhanwar_kuan,7,1,4,1,1,0,0,1,1,1,0,8849
palasia,6,4,1,4,1,0,0,1,0,0,1,9526
bhanwar_kuan,10,3,5,2,1,1,1,1,0,0,0,10133
rajendra_nagar,2,2,1,3,1,0,1,0,0,0,1,5672
palasia,9,5,3,4,0,0,0,0,0,0,0,8992
rajendra_nagar,7,4,2,4,0,0,1,1,0,0,0,9256
vijay_nagar,10,2,4,2,1,0,1,1,0,1,1,10759
vijay_nagar,9,1,5,2,1,1,0,0,0,1,1,8185
vijay_nagar,2,4,5,2,0,1,1,0,1,1,1,9764
rajendra_nagar,8,1,1,4,1,0,0,1,1,0,0,9042
annapurna,8,1,6,1,1,0,0,1,1,0,0,8230
tilak_nagar,4,3,6,4,1,1,0,1,1,1,0,10445
palasia,6,1,1,3,1,1,0,0,0,0,1,6426
tilak_nagar,7,5,6,1,0,0,0,0,0,0,0,7569
vijay_nagar,9,5,4,4,1,0,0,1,1,1,0,13269
annapurna,10,5,3,3,0,0,0,1,1,1,1,11432
vijay_nagar,7,1,6,1,1,1,1,1,0,1,1,9823
bhanwar_kuan,8,2,1,2,0,1,0,1,1,0,0,8329
rajendra_nagar,1,2,6,3,1,0,1,1,0,1,0,7789
palasia,2,3,5,3,1,1,1,1,1,1,0,9720
annapurna,10,4,1,2,0,1,0,0,0,0,1,7628
palasia,8,5,4,3,1,1,0,1,0,1,1,11194
annapurna,9,4,1,2,0,0,1,1,0,1,0,9334
annapurna,8,4,1,2,1,0,1,1,1,0,0,9654
bhanwar_kuan,5,5,1,4,1,1,0,1,0,1,0,9969
vijay_nagar,3,1,5,1,1,1,0,0,0,0,1,6680
vijay_nagar,8,1,6,3,0,0,0,1,1,1,1,11205
tilak_nagar,2,3,5,3,0,0,1,1,1,0,0,8897
annapurna,3,4,1,3,0,0,0,0,0,1,1,6248
rajendra_nagar,10,3,4,4,1,0,0,0,1,1,1,10026
bhanwar_kuan,6,3,3,3,0,0,0,1,0,1,1,8893
rajendra_nagar,6,1,6,3,0,0,0,0,1,0,1,7006
rajendra_nagar,10,2,1,3,1,1,0,1,1,0,1,9576
rajendra_nagar,9,3,3,1,1,1,1,0,1,1,1,9375
tilak_nagar,6,4,3,3,0,0,0,0,0,1,0,7480
palasia,10,4,2,3,1,1,0,1,1,1,0,11252
annapurna,10,1,4,2,0,1,0,0,1,0,0,7406
bhanwar_kuan,8,3,1,3,1,1,1,0,0,1,0,8153
rajendra_nagar,4,4,1,1,1,1,0,0,0,0,1,6368
annapurna,10,2,5,1,1,0,0,0,1,0,1,8232
bhanwar_kuan,10,2,6,2,0,0,0,0,0,0,1,7362
bhanwar_kuan,6,5,3,2,1,1,1,1,0,0,1,9648
palasia,9,5,2,3,0,1,0,0,0,1,1,9594
annapurna,8,4,2,2,0,1,1,1,0,1,1,9433
tilak_nagar,10,1,1,2,1,0,0,0,0,1,1,6712
palasia,7,4,2,3,0,1,0,1,0,1,1,10417
palasia,4,1,6,3,1,1,0,1,0,1,0,9168
tilak_nagar,3,5,6,2,1,0,1,1,0,0,1,9779
vijay_nagar,8,4,3,3,0,0,1,0,1,0,0,9783
tilak_nagar,1,3,1,4,0,1,0,0,1,1,1,7321
bhanwar_kuan,3,4,6,4,1,0,0,1,1,0,0,9914
rajendra_nagar,9,3,6,1,0,0,1,1,1,0,0,9440
tilak_nagar,10,2,2,4,0,1,0,1,0,0,1,9504
tilak_nagar,8,3,5,2,0,1,0,0,1,1,0,8891
bhanwar_kuan,2,5,4,4,1,0,1,0,0,1,0,8930
annapurna,1,5,3,4,0,0,0,0,1,0,1,7617
vijay_nagar,8,2,2,4,1,1,0,1,1,1,1,11544
tilak_nagar,3,3,5,3,0,0,0,0,1,1,0,7263
annapurna,3,2,6,1,1,0,0,0,1,0,0,5921
vijay_nagar,3,3,6,4,0,1,0,0,1,0,1,9506
annapurna,2,5,3,3,0,1,1,0,0,1,0,8021
vijay_nagar,8,5,6,2,1,0,1,1,1,1,1,13136
vijay_nagar,7,4,4,3,1,0,0,1,1,1,1,11857
vijay_nagar,8,1,4,2,0,0,0,0,1,1,1,8168
rajendra_nagar,4,2,5,3,1,1,0,1,0,1,1,8738
rajendra_nagar,1,3,6,4,0,1,0,0,0,1,1,7930
vijay_nagar,2,3,3,2,0,1,0,0,1,0,0,7580
rajendra_nagar,1,3,6,4,1,0,1,1,1,1,0,9358
tilak_nagar,8,2,5,3,0,0,1,0,1,1,0,8415
bhanwar_kuan,5,4,1,3,1,1,1,0,1,1,1,9030
rajendra_nagar,6,2,1,3,0,0,0,0,0,0,1,5502
rajendra_nagar,9,5,6,3,1,1,0,1,1,1,0,11762
palasia,7,1,2,1,0,0,1,1,0,0,1,8015
bhanwar_kuan,7,4,6,2,0,1,0,0,1,1,0,9253
palasia,5,1,6,1,0,1,0,0,0,0,1,5915
annapurna,5,1,3,2,0,0,1,0,1,1,1,6535
bhanwar_kuan,7,5,6,1,1,1,1,1,1,0,0,11485
vijay_nagar,3,5,4,2,0,0,0,0,0,0,0,7162
tilak_nagar,9,1,5,1,0,1,0,0,0,1,1,7107
vijay_nagar,7,1,3,2,1,0,1,0,0,1,1,8253
palasia,6,5,4,3,0,1,0,0,1,1,0,10310
bhanwar_kuan,5,3,6,2,1,1,0,1,0,0,0,8648
annapurna,7,4,4,4,1,1,1,0,0,0,0,8441
rajendra_nagar,8,4,3,1,0,1,1,1,0,1,0,9159
rajendra_nagar,8,5,5,2,1,1,0,0,1,1,0,9725
annapurna,6,1,4,1,1,0,1,1,0,1,1,7948
rajendra_nagar,7,4,3,2,0,1,1,1,1,1,1,10614
vijay_nagar,10,2,6,3,0,0,1,1,1,1,1,12450
palasia,5,4,5,1,0,1,1,1,1,0,0,9636
rajendra_nagar,10,4,5,1,1,1,1,0,1,1,0,10020
rajendra_nagar,5,3,4,4,0,1,0,1,1,1,1,10491
tilak_nagar,4,4,5,3,1,0,0,1,1,1,0,10250
bhanwar_kuan,3,2,1,4,1,0,1,0,0,1,1,7262
rajendra_nagar,6,4,1,4,1,0,0,1,0,1,0,9611
annapurna,4,2,1,4,0,0,1,0,1,1,0,7317
vijay_nagar,10,2,1,3,1,0,0,1,0,0,1,9743
annapurna,8,4,6,1,1,0,0,1,0,0,1,9155
bhanwar_kuan,7,5,4,2,1,0,0,1,1,0,1,10517
rajendra_nagar,1,1,2,3,1,1,0,1,0,0,1,6111
palasia,5,1,2,4,1,1,0,0,1,1,1,8360
vijay_nagar,2,5,3,4,0,1,1,0,1,1,1,10117
tilak_nagar,8,4,3,1,0,0,1,1,0,1,1,9272
annapurna,6,4,4,1,0,1,1,1,1,0,1,9881
bhanwar_kuan,4,1,6,2,0,0,0,0,0,0,0,5536
vijay_nagar,6,1,5,1,0,0,1,1,1,0,1,9435
palasia,5,5,5,4,1,1,0,0,1,0,0,9488
annapurna,2,5,5,4,0,1,1,1,1,0,1,10781
rajendra_nagar,4,3,3,1,1,0,0,1,1,0,0,8161
palasia,1,4,2,1,0,1,1,0,1,1,1,7983
annapurna,6,4,6,3,1,1,0,0,0,0,0,8315
palasia,3,2,2,2,0,0,1,1,1,0,0,7550
annapurna,6,1,4,4,1,1,0,1,0,0,1,7922
bhanwar_kuan,5,4,1,1,0,0,0,1,0,1,0,7638
tilak_nagar,4,4,5,4,0,1,0,1,0,0,0,8925
annapurna,2,3,4,3,0,0,0,0,0,0,0,5422
palasia,5,5,2,4,1,0,1,0,0,0,0,8906
vijay_nagar,9,1,3,3,0,1,0,1,0,1,0,9390
annapurna,4,1,5,2,0,1,0,1,0,0,1,6749
tilak_nagar,7,5,6,1,0,1,0,0,1,1,1,9479
annapurna,2,1,2,4,1,0,1,1,0,1,0,7564
bhanwar_kuan,6,4,6,2,1,0,1,1,0,0,0,9813
bhanwar_kuan,2,4,5,2,0,1,1,1,0,1,0,9080
palasia,10,1,4,1,0,0,0,0,0,1,1,7552
tilak_nagar,8,1,2,4,1,0,0,0,1,0,1,7447
vijay_nagar,3,2,4,4,1,1,1,1,0,0,1,9590
bhanwar_kuan,3,3,3,2,0,1,1,1,1,0,1,9310
bhanwar_kuan,3,4,2,2,0,1,0,0,1,0,1,6882
bhanwar_kuan,4,5,3,2,1,1,1,0,1,0,1,9143
rajendra_nagar,7,4,6,3,1,0,0,1,0,0,1,10189
vijay_nagar,10,2,1,3,1,0,0,1,1,1,1,11026
rajendra_nagar,1,4,1,2,1,1,0,0,1,1,0,6539
palasia,10,3,5,1,1,0,1,0,1,1,0,9987
palasia,3,5,3,1,0,0,0,0,1,1,1,7784
rajendra_nagar,3,2,6,1,0,1,1,0,0,1,0,6718
rajendra_nagar,3,3,2,3,0,1,1,0,0,1,0,6366
rajendra_nagar,7,4,2,1,0,1,1,0,0,1,0,7205
rajendra_nagar,4,5,1,3,0,1,0,1,0,1,1,9566
bhanwar_kuan,2,3,5,4,0,1,0,1,1,1,1,9682
bhanwar_kuan,6,4,1,4,0,1,0,1,0,0,1,9075
rajendra_nagar,6,4,1,4,1,0,0,1,0,1,0,9111
vijay_nagar,3,3,3,4,1,0,0,1,0,0,0,9207
palasia,4,2,3,4,1,0,0,0,0,1,1,7865
palasia,8,3,3,3,0,1,0,1,1,1,1,10695
palasia,5,5,4,1,0,1,0,1,1,0,0,10172
rajendra_nagar,7,4,6,2,1,1,0,0,0,0,1,8770
rajendra_nagar,7,5,4,2,1,1,0,1,1,1,0,11146
bhanwar_kuan,9,3,3,4,1,1,1,1,1,1,0,11416
annapurna,10,1,1,4,0,0,0,1,0,0,1,8743
palasia,9,2,1,3,0,1,0,0,1,1,0,8793
rajendra_nagar,10,3,3,2,1,1,0,0,0,1,0,8273
annapurna,7,1,2,2,1,1,0,0,0,1,1,6279
palasia,4,2,3,2,1,0,1,0,0,1,1,7540
palasia,2,5,5,4,1,1,0,0,0,0,0,8657
annapurna,1,1,3,2,1,1,0,0,1,1,0,5320
rajendra_nagar,10,4,6,1,0,0,1,1,0,0,0,10252
bhanwar_kuan,6,3,4,2,1,0,0,0,0,1,1,7727
annapurna,10,3,5,3,0,1,1,1,0,1,0,10795
vijay_nagar,5,4,5,1,0,0,1,1,1,0,0,10636
vijay_nagar,5,2,5,3,0,1,0,0,0,1,1,8463
vijay_nagar,4,1,2,1,0,1,0,0,1,1,1,7455
annapurna,5,4,2,3,1,1,1,1,1,1,0,10706
bhanwar_kuan,1,5,1,3,0,0,1,0,1,1,0,7650
vijay_nagar,1,2,6,4,0,0,1,1,1,0,0,9582
tilak_nagar,7,1,5,2,0,1,0,0,0,0,1,6768
rajendra_nagar,9,4,4,3,1,1,0,1,0,0,0,9740
annapurna,5,3,2,1,0,0,1,1,0,1,0,7240
tilak_nagar,9,4,4,1,1,1,1,0,0,1,1,9154
tilak_nagar,8,2,6,2,1,1,0,0,0,1,0,7739
bhanwar_kuan,8,3,4,4,1,1,0,0,1,1,1,9787
tilak_nagar,9,2,2,4,1,1,0,0,1,1,1,8796
bhanwar_kuan,10,2,6,1,0,1,0,0,0,0,0,7335
tilak_nagar,8,4,6,3,0,0,0,0,0,1,1,9414
palasia,4,4,6,2,0,1,0,0,0,1,0,7879
vijay_nagar,5,4,6,4,0,1,0,1,0,0,1,10713
vijay_nagar,1,1,2,3,0,1,0,1,1,0,0,7399
palasia,9,5,6,2,0,0,0,0,1,1,0,10491
rajendra_nagar,4,5,6,4,0,0,1,1,0,0,1,10024
vijay_nagar,1,3,3,2,0,0,0,0,0,0,0,6423
annapurna,9,4,6,2,0,0,1,0,0,1,0,8787
palasia,3,4,2,3,1,1,1,0,1,1,0,9155
bhanwar_kuan,1,4,4,1,0,1,0,1,0,0,1,7176
rajendra_nagar,6,2,4,4,1,0,0,0,0,1,0,7820
tilak_nagar,9,2,3,3,1,1,1,0,1,1,1,9552
vijay_nagar,1,4,2,3,1,0,0,0,0,1,0,7707
vijay_nagar,9,2,1,3,0,0,0,0,0,1,1,8515
tilak_nagar,3,3,5,4,1,0,0,0,0,1,1,7715
tilak_nagar,9,2,1,3,0,0,1,0,1,0,1,8363
palasia,1,5,1,3,1,0,1,0,1,1,0,8522
tilak_nagar,6,2,5,1,0,0,1,1,1,1,0,8641
palasia,2,4,3,2,0,1,1,0,0,1,1,7857
bhanwar_kuan,8,4,4,1,0,0,0,0,0,1,0,7838
bhanwar_kuan,9,4,2,4,0,0,1,1,1,0,1,11188
bhanwar_kuan,9,1,1,3,0,0,1,1,0,0,1,8017
rajendra_nagar,5,4,3,4,1,0,1,1,0,1,1,10527
rajendra_nagar,2,1,2,2,0,1,0,1,0,1,1,6889
bhanwar_kuan,5,1,6,2,1,1,1,0,0,0,0,6745
rajendra_nagar,4,2,1,1,0,1,0,1,0,0,0,6477
tilak_nagar,5,2,2,1,0,1,1,1,1,1,1,8565
rajendra_nagar,1,1,3,4,0,1,0,0,0,0,0,5071
vijay_nagar,7,4,1,1,0,1,1,1,0,1,1,10549
annapurna,7,3,5,4,1,1,0,0,1,0,1,9469
vijay_nagar,5,1,4,2,0,0,0,1,1,1,0,8664
rajendra_nagar,6,3,4,3,1,1,1,1,1,1,1,11146
rajendra_nagar,9,3,1,2,0,0,1,1,0,1,0,8602
rajendra_nagar,1,3,2,1,1,1,0,0,1,0,0,5486
tilak_nagar,7,4,2,3,1,1,1,0,0,1,1,8801
palasia,9,4,6,1,1,0,0,0,0,0,0,8336
palasia,1,3,6,4,0,0,1,0,1,1,0,9039
tilak_nagar,1,5,4,1,0,0,0,0,0,0,0,6185
bhanwar_kuan,5,4,6,2,0,0,0,1,1,1,0,9573
rajendra_nagar,3,5,2,2,0,1,1,1,0,0,0,8124
tilak_nagar,6,4,3,4,1,1,1,1,1,0,1,10944
palasia,4,4,6,4,0,1,1,0,0,1,0,9414
rajendra_nagar,1,4,1,1,1,0,0,0,0,1,1,5695
bhanwar_kuan,7,1,3,1,0,0,0,1,0,1,0,7141
tilak_nagar,1,1,1,3,1,0,0,0,0,1,1,4920
annapurna,10,5,1,4,0,1,0,1,0,0,0,10164
annapurna,8,1,6,4,0,1,1,1,0,1,1,9991
vijay_nagar,3,4,3,3,0,1,0,0,0,0,1,8055
annapurna,7,3,3,1,0,0,1,0,1,0,0,7477
bhanwar_kuan,4,2,2,1,0,1,1,0,1,0,1,6279
tilak_nagar,7,3,1,1,0,1,1,1,1,1,1,9564
tilak_nagar,3,5,2,2,0,0,1,1,1,0,1,9286
bhanwar_kuan,10,4,2,3,0,1,1,1,0,1,1,10908
vijay_nagar,8,2,6,1,0,1,1,0,1,1,0,9819
bhanwar_kuan,9,3,4,1,0,0,1,0,1,1,0,8413
rajendra_nagar,2,1,3,2,1,0,0,0,0,1,1,5525
palasia,9,4,5,2,0,1,0,1,0,1,1,11277
bhanwar_kuan,9,2,5,3,0,1,0,1,0,1,1,9715
annapurna,7,2,1,4,0,1,1,0,0,0,1,6930
palasia,2,4,1,4,0,1,1,0,1,1,1,8463
tilak_nagar,2,5,3,2,0,0,0,1,0,0,1,8313
annapurna,3,2,6,4,0,1,1,1,0,0,1,8552
annapurna,2,5,6,4,1,1,1,1,0,0,1,9730
annapurna,4,5,5,3,0,0,0,1,1,1,1,10475
palasia,2,1,1,1,1,0,1,1,1,1,0,6937
annapurna,10,4,4,3,1,0,1,0,0,0,1,9218
rajendra_nagar,8,4,1,1,0,1,1,0,0,0,0,7032
annapurna,5,4,6,3,0,0,0,1,0,1,0,8987
rajendra_nagar,4,4,6,2,1,0,1,1,1,0,0,9275
rajendra_nagar,9,5,4,4,1,0,0,1,0,0,1,10601
vijay_nagar,3,3,2,3,1,1,1,1,0,0,0,8650
rajendra_nagar,6,3,6,1,1,0,0,1,1,0,1,9244
annapurna,3,1,1,2,0,1,1,1,1,1,1,7845
vijay_nagar,7,3,6,2,1,1,1,1,1,1,1,12175
tilak_nagar,1,4,1,3,0,0,1,1,0,1,0,8104
rajendra_nagar,9,2,3,4,0,1,1,1,0,1,0,10248
palasia,2,3,4,1,1,0,1,1,1,1,0,8832
bhanwar_kuan,5,3,1,1,0,0,0,0,0,1,1,6510
bhanwar_kuan,7,5,6,1,0,1,1,1,1,0,0,10835
vijay_nagar,3,4,1,1,0,1,0,0,1,1,0,8040
rajendra_nagar,3,1,3,1,0,0,0,0,0,0,1,4670
vijay_nagar,8,3,3,3,0,1,0,1,0,1,0,10691
palasia,5,5,5,3,1,0,1,1,1,1,1,11483
bhanwar_kuan,7,4,3,3,1,1,0,0,0,0,0,7613
annapurna,1,1,1,2,1,1,1,0,0,0,0,4005
tilak_nagar,3,1,1,2,0,0,0,1,1,1,0,6606
vijay_nagar,9,3,2,4,1,1,0,1,1,1,0,11887
palasia,8,4,3,3,0,1,1,1,1,0,0,11027
rajendra_nagar,4,1,1,4,1,1,1,1,0,0,1,8014
bhanwar_kuan,10,5,3,1,0,1,1,0,1,0,0,9351
tilak_nagar,4,4,2,3,1,0,0,1,0,1,0,8398
vijay_nagar,5,3,1,4,1,0,1,1,0,0,0,9475
palasia,6,2,4,4,1,0,0,0,1,1,0,9098
palasia,2,4,5,4,1,0,1,0,1,0,1,8758
bhanwar_kuan,6,4,4,3,1,0,0,1,1,1,1,10801
annapurna,1,5,6,1,1,0,0,0,0,0,0,6448
annapurna,10,4,4,1,0,0,1,0,0,1,0,8053
tilak_nagar,8,3,4,3,1,0,1,1,1,0,1,10535
palasia,9,3,5,3,0,1,1,0,1,1,0,9798
tilak_nagar,1,3,1,2,0,0,0,1,1,1,0,7093
rajendra_nagar,8,2,5,2,1,0,1,0,0,0,1,7760
vijay_nagar,5,5,1,2,0,1,1,1,0,0,1,9864
rajendra_nagar,1,4,1,2,1,0,1,1,0,0,1,7770
tilak_nagar,1,1,1,1,1,0,0,1,0,0,0,4953
vijay_nagar,9,4,6,2,1,1,0,0,0,1,0,9563
rajendra_nagar,3,4,3,3,1,1,1,0,1,0,1,8436
bhanwar_kuan,9,1,2,4,1,0,0,0,1,1,0,7884
bhanwar_kuan,4,3,2,4,1,1,0,0,0,1,1,7768
tilak_nagar,2,3,3,4,1,1,1,1,0,1,1,8834
vijay_nagar,4,2,5,2,1,0,1,0,1,1,0,8458
palasia,5,1,3,1,1,1,1,0,1,0,1,6806
palasia,5,3,3,1,1,1,0,1,1,0,0,8451
rajendra_nagar,7,5,3,3,0,1,0,1,0,0,0,9292
palasia,4,2,3,3,0,1,1,0,1,1,1,8244
bhanwar_kuan,10,2,1,4,0,1,0,1,1,0,0,9639
bhanwar_kuan,8,4,5,4,1,0,1,0,1,1,0,10238
annapurna,9,4,4,4,1,1,0,1,1,1,0,11905
bhanwar_kuan,3,1,4,2,1,1,0,1,1,1,0,8595
annapurna,6,3,3,4,1,0,0,1,1,0,1,9506
rajendra_nagar,7,4,1,1,0,1,1,0,0,0,0,7246
bhanwar_kuan,1,4,3,1,0,0,0,0,1,0,1,6621
bhanwar_kuan,2,4,2,2,0,0,0,0,0,1,1,6894
tilak_nagar,2,3,3,4,1,0,1,0,0,1,1,7699
vijay_nagar,4,5,6,4,1,1,0,0,0,1,0,9969
bhanwar_kuan,5,3,2,4,1,1,1,0,0,1,0,8425
bhanwar_kuan,3,3,4,1,0,0,0,1,0,0,0,6595
annapurna,6,1,5,2,0,0,1,0,0,0,1,6661
bhanwar_kuan,7,1,2,1,1,0,1,1,0,0,0,7314
tilak_nagar,10,5,4,4,0,1,0,0,1,0,1,10940
vijay_nagar,8,1,1,2,0,0,0,1,1,1,1,9732
bhanwar_kuan,6,3,4,4,1,1,0,0,1,0,1,9225
vijay_nagar,6,4,5,3,0,1,1,0,1,0,0,10011
palasia,8,1,2,2,1,0,1,1,1,1,1,10082
vijay_nagar,5,4,2,4,0,1,1,1,1,1,0,11065
tilak_nagar,5,5,2,3,0,0,1,0,0,1,0,7650
bhanwar_kuan,3,4,3,2,1,0,1,1,0,0,1,8134
vijay_nagar,10,3,2,1,1,0,1,1,1,0,1,10330
bhanwar_kuan,5,1,2,3,0,1,1,0,0,0,1,6603
vijay_nagar,5,4,5,4,0,1,0,1,1,1,0,11664
annapurna,4,5,6,4,0,0,1,0,1,0,0,9172
rajendra_nagar,4,4,4,1,1,1,1,1,1,0,0,9033
annapurna,7,2,6,2,1,0,0,1,0,1,1,9017
bhanwar_kuan,8,2,3,1,1,0,1,1,0,0,0,7856
palasia,8,2,5,4,1,1,0,0,1,1,0,9500
vijay_nagar,7,2,1,4,1,0,1,0,0,0,0,8403
annapurna,9,3,4,3,0,1,0,1,1,1,0,10704
bhanwar_kuan,2,4,2,4,0,0,1,1,0,0,0,8045
palasia,9,4,4,3,0,1,0,0,1,1,0,10046
palasia,10,1,6,2,0,1,1,0,1,1,0,9019
rajendra_nagar,1,2,3,3,1,1,0,0,0,0,1,5727
tilak_nagar,9,1,3,2,1,0,1,1,1,1,1,10032
bhanwar_kuan,10,4,3,4,1,1,0,1,0,0,0,10702
vijay_nagar,6,4,2,4,1,0,1,0,1,0,1,9517
palasia,6,1,1,4,1,1,0,1,1,1,1,9462
vijay_nagar,8,1,3,3,0,1,1,0,0,0,0,7395
bhanwar_kuan,2,1,1,2,1,0,1,1,0,1,0,6204
rajendra_nagar,1,5,6,2,0,1,1,1,1,0,1,10262
tilak_nagar,3,3,2,3,1,0,1,0,0,1,1,7590
rajendra_nagar,7,5,2,3,1,0,1,1,0,0,1,10071
vijay_nagar,7,1,6,1,0,0,1,0,1,1,0,8767
palasia,5,5,6,3,1,0,0,0,0,0,1,8963
tilak_nagar,6,5,6,3,0,0,1,0,0,0,0,8348
vijay_nagar,9,1,2,4,0,1,1,0,0,0,1,8475
vijay_nagar,6,2,1,1,0,0,1,1,0,1,0,7964
vijay_nagar,2,4,2,2,0,1,0,1,1,1,0,10089
tilak_nagar,6,4,5,3,0,0,0,0,0,0,0,7761
palasia,10,4,4,4,1,0,0,1,1,1,1,12410
bhanwar_kuan,7,4,1,3,0,0,1,0,1,1,0,8486
vijay_nagar,1,1,5,4,0,1,1,1,0,1,1,9275
rajendra_nagar,6,1,3,3,1,1,1,0,0,0,0,6961
tilak_nagar,7,2,4,2,0,1,1,0,0,1,0,7852
rajendra_nagar,10,5,6,4,0,0,0,1,1,1,0,12245
rajendra_nagar,8,1,5,3,1,1,1,1,0,1,1,9944
rajendra_nagar,10,2,1,4,0,0,1,1,1,0,0,9666
bhanwar_kuan,5,2,2,2,0,1,1,0,1,0,1,6775
vijay_nagar,8,1,3,4,1,0,1,1,0,1,1,10001
palasia,5,1,2,3,0,1,0,0,0,0,0,5798
rajendra_nagar,9,2,2,4,0,0,0,1,0,0,0,8103
bhanwar_kuan,9,4,4,1,0,1,1,1,0,0,1,9533
tilak_nagar,9,4,1,3,1,0,1,0,1,1,0,9055
palasia,10,2,4,1,0,0,0,0,0,0,0,6751
annapurna,8,3,5,4,1,1,1,1,1,0,0,10628
vijay_nagar,7,5,1,2,1,1,0,0,1,0,1,10037
palasia,1,3,2,1,1,0,0,1,0,1,0,6686
vijay_nagar,6,4,6,3,1,1,0,1,0,0,0,10606
annapurna,3,5,5,2,0,0,0,0,1,0,0,7910
annapurna,2,4,1,1,1,0,0,0,1,0,1,6454
annapurna,6,1,2,4,1,0,1,0,0,1,1,6795
vijay_nagar,10,2,4,2,0,0,1,0,0,1,1,9170
vijay_nagar,4,3,1,4,0,0,0,0,1,0,0,7658
tilak_nagar,10,1,5,3,0,0,1,1,1,1,0,10120
palasia,5,2,6,3,0,1,1,0,0,0,1,7595
rajendra_nagar,4,5,1,2,1,0,0,1,1,1,0,9498
tilak_nagar,6,4,4,1,1,1,0,0,1,1,0,8154
vijay_nagar,7,5,5,1,0,1,0,1,0,1,1,11215
tilak_nagar,3,2,6,4,1,0,0,1,0,0,1,8206
palasia,1,1,6,1,0,1,1,0,1,1,0,7018
palasia,1,1,5,3,0,1,1,1,0,1,1,7888
tilak_nagar,1,3,4,3,0,0,0,0,1,1,1,7545
palasia,7,4,5,1,1,1,0,0,1,0,0,8417
tilak_nagar,4,4,3,4,0,1,1,0,1,0,1,8447
vijay_nagar,10,3,3,2,1,1,1,0,0,0,0,9562
annapurna,6,5,6,2,0,0,0,1,1,0,0,10302
annapurna,5,2,4,1,1,0,0,1,0,0,0,6815
palasia,6,2,4,1,1,0,1,0,0,0,0,6853
annapurna,1,2,2,3,0,0,0,0,1,0,1,5982
vijay_nagar,9,4,1,1,0,0,0,1,1,0,1,10295
annapurna,2,4,3,4,1,0,1,0,0,0,0,7260
bhanwar_kuan,7,5,3,4,1,1,0,0,1,1,1,11028
tilak_nagar,10,4,4,4,1,1,1,1,0,0,0,11194
palasia,8,4,1,4,1,1,1,0,1,1,0,10425
rajendra_nagar,5,4,6,2,0,0,0,1,1,0,0,9449
vijay_nagar,4,3,5,4,0,1,1,1,0,0,1,10496
bhanwar_kuan,8,2,5,4,1,1,0,0,1,1,0,9585
rajendra_nagar,10,4,5,2,0,1,1,0,0,0,0,8803
annapurna,10,1,5,2,0,1,1,0,0,0,0,7286
vijay_nagar,8,4,4,1,0,0,0,0,0,1,0,8657
tilak_nagar,3,2,3,2,1,0,0,1,0,1,0,6859
tilak_nagar,2,1,5,1,1,1,0,0,0,0,0,4496
palasia,8,5,2,4,1,0,1,0,1,1,1,11037
palasia,7,1,3,4,0,1,0,1,1,0,1,9554
tilak_nagar,3,1,6,4,0,0,0,0,0,1,0,6055
palasia,3,1,4,1,1,1,1,0,0,1,1,6068
tilak_nagar,8,3,1,2,0,0,1,0,0,0,0,7098
annapurna,6,1,1,2,1,1,1,1,0,1,1,7866
bhanwar_kuan,9,2,3,1,0,0,0,1,0,1,1,8701
annapurna,1,3,5,4,1,1,0,0,0,0,1,6461
bhanwar_kuan,2,1,5,1,0,1,1,0,0,1,1,5788
rajendra_nagar,1,5,6,1,0,1,1,0,0,1,0,7828
vijay_nagar,1,3,2,1,0,0,1,1,1,0,0,8288
bhanwar_kuan,6,2,1,4,1,1,1,0,0,0,0,7050
bhanwar_kuan,5,4,3,4,1,0,1,1,0,0,0,9342
rajendra_nagar,9,5,3,2,1,1,0,0,0,0,1,8541
rajendra_nagar,4,4,1,4,1,0,0,1,0,0,0,8619
bhanwar_kuan,2,2,2,3,1,0,0,1,1,1,1,7953
palasia,5,5,1,2,1,0,0,1,1,0,0,9082
palasia,2,4,1,2,0,1,0,1,0,0,1,7813
vijay_nagar,2,3,1,1,0,0,0,1,0,0,0,7157
annapurna,10,2,3,3,0,0,1,1,0,0,0,9357
palasia,6,4,6,4,1,0,1,1,0,0,0,10832
vijay_nagar,4,4,6,3,1,1,1,0,1,1,0,10328
rajendra_nagar,2,2,6,4,1,0,0,1,0,1,1,8761
palasia,4,3,5,3,0,1,0,0,0,1,1,7846
vijay_nagar,2,5,3,4,0,0,0,1,1,0,1,10525
tilak_nagar,4,2,4,1,1,0,1,1,0,0,1,7416
tilak_nagar,1,2,6,3,1,1,1,1,1,0,1,9156
rajendra_nagar,7,4,2,1,1,0,0,1,0,0,0,8199
annapurna,8,5,1,1,0,0,0,0,0,1,0,7135
rajendra_nagar,6,5,2,1,1,1,0,1,0,0,1,9176
tilak_nagar,6,3,2,4,1,1,1,0,1,0,0,8520
annapurna,3,1,1,2,0,0,0,1,0,0,1,5269
rajendra_nagar,8,3,6,4,0,1,0,1,1,1,0,10756
bhanwar_kuan,6,3,1,1,1,1,0,1,0,0,1,7653
bhanwar_kuan,10,3,2,3,1,1,1,1,1,1,0,11353
bhanwar_kuan,8,5,1,4,1,1,0,1,0,1,0,10702
palasia,2,3,5,1,1,1,1,1,1,0,0,8474
rajendra_nagar,6,2,6,4,0,1,0,1,1,0,1,10139
palasia,3,5,3,3,1,1,0,0,1,0,0,8290
rajendra_nagar,10,2,1,2,1,0,0,0,1,1,1,7712
rajendra_nagar,10,4,1,4,1,0,0,0,1,1,1,9797
bhanwar_kuan,6,5,3,1,1,0,0,0,1,1,0,8335
annapurna,8,2,3,1,1,0,0,0,0,1,1,6386
palasia,7,4,5,3,0,0,1,0,1,0,0,9873
bhanwar_kuan,7,2,4,3,1,1,1,0,1,0,0,8783
tilak_nagar,7,1,4,2,0,1,1,0,0,0,1,6791
annapurna,2,3,1,3,1,0,0,1,1,0,1,7955
palasia,6,5,3,4,0,1,1,1,1,0,0,11026
annapurna,10,5,6,3,0,0,0,0,0,0,1,9828
vijay_nagar,5,3,4,2,0,1,1,1,1,1,0,10542
vijay_nagar,2,3,5,1,1,1,1,0,0,0,1,7622
bhanwar_kuan,5,4,5,4,0,0,0,0,0,0,1,8143
rajendra_nagar,7,1,4,1,1,1,0,0,0,0,0,5354
bhanwar_kuan,2,2,3,3,0,1,0,0,0,1,0,6461
bhanwar_kuan,9,5,2,4,1,0,0,1,0,1,1,11104
rajendra_nagar,7,1,4,4,0,1,0,0,0,0,0,6358
palasia,3,2,4,2,0,0,1,1,1,1,0,9271
annapurna,1,1,3,3,1,1,1,0,1,0,0,5766
palasia,4,2,1,1,1,1,1,0,0,0,0,5735
bhanwar_kuan,9,1,6,2,1,1,1,0,1,1,0,9332
palasia,1,3,5,2,1,0,1,0,0,0,1,6330
rajendra_nagar,2,2,3,2,1,1,0,0,0,0,0,4710
annapurna,10,2,1,3,0,0,0,0,0,0,1,7099
bhanwar_kuan,5,2,6,3,1,1,1,0,0,1,0,8128
rajendra_nagar,2,1,5,4,0,1,0,0,1,0,0,6353
palasia,5,5,3,2,0,0,1,0,1,1,1,9042
vijay_nagar,4,1,3,3,1,0,1,1,0,1,0,8527
palasia,1,3,1,2,0,1,0,1,0,0,1,7330
vijay_nagar,3,3,1,3,0,0,1,0,0,1,1,7699
vijay_nagar,3,1,5,1,1,0,1,0,0,1,0,6529
rajendra_nagar,4,4,2,1,0,1,1,1,1,1,0,8772
palasia,2,5,1,2,0,0,0,1,0,1,0,8082
tilak_nagar,4,2,4,1,1,0,0,1,0,0,0,6655
vijay_nagar,5,4,5,3,0,1,0,1,0,0,0,10526
annapurna,4,3,4,1,1,0,1,0,1,1,1,7408
palasia,3,3,2,1,0,0,0,0,0,1,1,6095
palasia,9,5,6,2,1,0,1,0,0,1,1,10493
rajendra_nagar,7,2,1,3,0,1,1,1,1,1,0,9614
rajendra_nagar,5,5,2,1,1,0,0,0,1,0,0,7491
palasia,10,1,5,4,0,1,1,1,1,0,1,11476
vijay_nagar,10,2,6,2,0,0,0,0,1,1,0,9125
palasia,5,4,6,1,1,0,1,0,0,0,0,7493
rajendra_nagar,5,5,1,3,0,1,0,0,1,0,0,8166
bhanwar_kuan,2,2,1,4,0,1,1,0,0,0,1,6202
annapurna,5,4,2,3,0,1,0,1,0,0,1,8416
annapurna,9,4,2,1,0,0,0,1,0,1,1,8688
palasia,6,5,3,1,0,0,0,1,0,0,1,9427
tilak_nagar,3,4,4,3,0,0,0,0,1,1,0,7749
annapurna,10,2,4,1,1,1,1,1,1,0,1,10120
rajendra_nagar,7,3,6,1,0,1,0,0,0,1,1,7824
tilak_nagar,3,2,3,2,0,1,0,0,0,0,0,5381
bhanwar_kuan,8,2,1,3,0,0,0,0,0,1,1,7133
tilak_nagar,9,4,3,1,0,1,0,0,0,0,0,7509
vijay_nagar,4,1,2,4,0,0,0,0,0,1,0,6550
tilak_nagar,6,4,5,2,1,1,1,1,1,1,1,11528
vijay_nagar,9,1,6,4,1,1,1,1,0,1,0,11153
tilak_nagar,8,3,6,1,0,0,0,0,1,1,0,8252
tilak_nagar,9,5,4,3,1,1,0,0,0,0,0,8682
bhanwar_kuan,8,5,5,1,0,0,0,1,0,0,1,9750
rajendra_nagar,5,3,4,4,1,1,1,1,1,1,0,10296
annapurna,10,2,2,4,1,1,0,0,1,1,1,9578
palasia,5,3,3,2,1,1,1,0,1,0,0,8534
annapurna,3,4,2,4,0,0,0,0,1,0,0,7545
tilak_nagar,3,1,5,3,1,0,1,1,0,1,1,8242
rajendra_nagar,8,1,4,2,1,0,0,1,0,0,0,7227
rajendra_nagar,6,2,6,4,0,1,1,1,1,1,0,10737
palasia,9,4,3,1,1,0,0,0,0,0,1,8377
tilak_nagar,2,3,4,2,1,1,0,0,1,1,1,7727
annapurna,9,3,1,3,1,0,1,1,1,0,0,10109
vijay_nagar,7,1,5,3,1,1,0,1,0,1,0,9882
bhanwar_kuan,3,3,6,2,0,0,0,1,1,1,1,9690
rajendra_nagar,7,2,5,1,0,0,0,1,0,1,1,8537
tilak_nagar,7,3,1,4,0,0,1,0,1,0,1,8608
rajendra_nagar,4,1,4,4,0,1,0,1,1,0,0,8493
rajendra_nagar,3,5,3,3,1,0,0,1,0,1,0,9232
tilak_nagar,7,2,3,2,1,0,0,1,0,1,0,8201
bhanwar_kuan,10,3,4,4,1,1,0,1,0,0,1,10361
annapurna,1,5,4,4,1,1,1,1,0,0,1,9429
annapurna,10,5,2,2,0,1,1,0,0,0,0,9071
rajendra_nagar,2,4,1,3,0,0,1,1,1,0,0,8233
tilak_nagar,3,5,6,4,1,1,1,0,0,0,0,9309
rajendra_nagar,3,1,1,2,0,1,0,0,1,0,0,4885
rajendra_nagar,9,3,5,3,1,1,0,0,0,0,1,8264
palasia,5,2,1,2,1,1,0,1,0,0,1,7455
annapurna,2,3,4,2,0,1,1,1,1,0,1,8182
bhanwar_kuan,4,1,6,4,1,1,1,1,1,1,0,10492
annapurna,3,5,6,4,1,0,1,0,1,0,0,8960
annapurna,5,2,1,3,1,0,1,0,1,1,1,7918
rajendra_nagar,2,5,2,4,0,0,1,1,0,1,1,9019
tilak_nagar,8,2,6,1,0,1,1,0,1,1,0,8039
bhanwar_kuan,1,5,3,1,1,1,0,0,0,1,0,6501
rajendra_nagar,9,5,3,4,1,1,0,1,0,1,1,11523
vijay_nagar,6,3,3,2,1,0,1,1,0,0,1,10046
tilak_nagar,4,3,4,3,0,0,1,0,1,1,1,7973
bhanwar_kuan,2,2,2,1,1,1,0,1,0,1,1,7514
palasia,2,4,1,3,0,0,1,0,1,0,1,7270
rajendra_nagar,1,5,4,3,1,0,0,0,0,0,0,6393
vijay_nagar,9,1,3,1,0,1,0,1,1,0,0,9300
bhanwar_kuan,1,1,6,1,0,0,0,1,1,0,0,6203
bhanwar_kuan,8,5,6,3,0,1,0,0,1,0,0,9880
annapurna,1,2,6,3,1,0,1,1,0,1,0,7987
bhanwar_kuan,10,3,6,3,1,0,1,1,0,0,1,10794
rajendra_nagar,1,1,4,1,1,0,0,0,0,1,0,4716
annapurna,4,1,6,2,1,1,1,0,0,0,1,6646
annapurna,8,5,2,3,1,1,1,0,0,0,0,8200
tilak_nagar,1,4,2,2,0,0,1,0,1,1,1,6904
annapurna,7,4,5,4,0,0,0,0,0,0,1,8702
rajendra_nagar,9,1,6,2,0,1,0,1,1,1,0,9606
vijay_nagar,4,1,4,4,0,1,1,1,1,0,0,9852
bhanwar_kuan,3,2,1,2,0,1,0,1,1,0,0,6901
palasia,9,3,5,4,1,0,1,0,1,0,1,10278
palasia,8,3,5,4,0,1,1,1,0,1,0,10906
palasia,10,3,2,2,0,0,1,0,1,1,0,8813
tilak_nagar,8,2,1,3,0,1,1,0,1,1,0,8678
bhanwar_kuan,5,4,1,1,1,0,1,1,1,0,0,8358
rajendra_nagar,6,2,2,1,0,1,1,0,1,1,1,6937
vijay_nagar,4,1,5,3,1,1,0,0,1,1,1,8203
vijay_nagar,5,5,2,2,1,0,1,0,1,1,0,9429
palasia,5,4,3,2,0,0,0,1,1,0,0,9241
palasia,10,5,4,3,0,0,0,0,0,1,0,9448
rajendra_nagar,8,5,2,2,0,1,0,0,0,0,0,8297
annapurna,4,4,5,4,1,1,0,1,0,1,1,10454
vijay_nagar,1,2,4,2,1,1,0,0,1,0,1,7047
tilak_nagar,3,4,4,4,1,0,0,1,0,0,0,8452
palasia,8,5,3,4,0,1,0,0,1,1,1,11039
tilak_nagar,2,3,3,2,1,0,0,0,1,0,1,7027
bhanwar_kuan,3,4,2,2,1,0,1,1,1,1,1,9471
tilak_nagar,8,5,2,4,0,1,0,0,1,0,1,9621
palasia,8,2,3,3,1,0,1,1,1,0,0,9658
vijay_nagar,9,1,5,1,0,0,1,1,0,0,1,9126
bhanwar_kuan,1,4,3,3,0,0,0,0,1,0,0,7062
palasia,2,2,6,3,1,1,0,0,1,1,0,7904
annapurna,3,3,3,4,1,0,1,1,1,1,0,9068
rajendra_nagar,3,2,6,3,1,1,1,1,0,0,0,8787
rajendra_nagar,9,2,4,3,1,1,0,0,0,1,1,8632
palasia,8,3,2,1,0,1,1,1,0,0,0,8732
rajendra_nagar,8,1,1,2,0,0,1,1,1,0,0,7780
palasia,3,5,2,4,0,0,1,0,0,0,1,8318
bhanwar_kuan,7,1,1,2,0,0,0,0,0,0,1,5496
tilak_nagar,4,3,1,1,1,0,1,0,0,1,1,6865
bhanwar_kuan,2,5,3,2,0,1,1,0,0,0,0,6988
annapurna,9,2,5,3,1,1,1,0,1,0,0,9343
vijay_nagar,1,5,5,3,1,1,1,1,0,0,1,10403
palasia,2,3,2,3,0,0,1,1,1,0,0,9064
vijay_nagar,9,1,1,4,1,0,1,1,1,1,0,10549
annapurna,2,1,3,1,0,0,0,0,1,0,0,4800
bhanwar_kuan,5,3,6,1,0,1,1,0,1,0,1,8199
rajendra_nagar,10,2,4,2,0,1,1,1,0,1,1,10373
palasia,2,2,1,4,0,0,1,0,1,0,1,7580
palasia,7,4,5,3,0,1,0,1,1,0,0,10694
bhanwar_kuan,6,3,5,1,1,1,1,0,1,0,1,8134
palasia,5,2,1,1,0,0,1,1,1,0,0,7430
palasia,7,2,1,1,1,0,1,1,0,1,0,8011
vijay_nagar,3,5,4,2,1,1,1,1,0,1,0,11030
vijay_nagar,1,1,1,1,1,1,0,1,0,1,1,7118
vijay_nagar,4,3,2,3,0,1,0,0,1,1,1,9070
bhanwar_kuan,9,4,3,4,0,1,1,0,1,0,0,10168
bhanwar_kuan,4,1,6,1,0,1,1,0,0,0,0,5667
bhanwar_kuan,3,4,5,3,1,1,1,1,1,1,0,10399
bhanwar_kuan,4,2,5,2,0,1,0,1,0,0,1,8289
palasia,4,5,3,2,0,0,0,0,1,0,0,8464
vijay_nagar,5,2,3,1,0,1,1,0,0,0,1,6811
palasia,1,4,5,3,0,0,1,0,1,1,1,8825
palasia,4,5,6,1,1,1,0,1,1,0,0,9733
annapurna,2,1,5,4,0,1,0,1,1,1,1,8638
palasia,1,4,3,2,0,0,0,0,0,0,1,6624
tilak_nagar,7,3,5,2,1,1,1,0,0,0,1,7875
bhanwar_kuan,6,2,5,2,1,0,1,0,0,1,0,6944
rajendra_nagar,7,2,5,4,1,1,1,0,0,1,0,8369
tilak_nagar,8,3,1,4,1,0,1,1,1,0,0,9864
tilak_nagar,1,5,4,2,0,1,0,1,1,1,1,9749
palasia,8,4,4,1,1,1,0,0,1,0,1,8976
vijay_nagar,8,3,6,4,0,0,1,1,1,1,0,12372
bhanwar_kuan,7,5,6,3,1,0,0,0,0,1,0,8989
palasia,7,5,5,2,0,1,0,1,1,1,0,11509
rajendra_nagar,10,1,2,3,0,1,1,0,1,1,0,8360
tilak_nagar,1,5,1,1,0,0,1,1,1,0,1,8090
annapurna,10,2,6,2,1,1,0,0,0,0,0,7632
annapurna,10,1,4,1,1,1,1,0,1,0,1,7589
rajendra_nagar,9,1,1,4,1,0,0,0,1,0,0,6910
annapurna,7,5,6,4,1,0,0,0,0,1,0,9775
tilak_nagar,1,1,6,3,0,0,0,1,1,1,0,7941
tilak_nagar,7,5,4,4,1,1,1,1,1,1,0,11909
rajendra_nagar,4,3,5,3,1,0,0,0,0,0,1,7472
rajendra_nagar,2,5,2,2,0,0,0,0,0,1,0,6995
tilak_nagar,10,1,6,3,0,0,0,1,0,1,0,9147
vijay_nagar,9,4,4,3,0,0,1,0,1,1,1,10874
rajendra_nagar,2,1,5,4,1,0,1,0,1,0,0,7229
annapurna,9,4,5,4,1,1,1,1,1,1,0,12142
vijay_nagar,8,1,5,3,0,1,0,0,1,0,0,8362
rajendra_nagar,5,4,2,2,1,1,1,0,1,0,1,8613
palasia,6,1,2,3,1,1,1,0,0,0,1,7036
palasia,6,4,1,1,0,1,0,0,1,1,1,7867
vijay_nagar,6,5,2,3,1,0,0,1,1,1,0,11202
palasia,5,2,3,3,0,0,0,0,0,0,1,6555
tilak_nagar,1,3,3,1,1,1,1,1,1,0,0,8250
bhanwar_kuan,2,1,4,2,0,0,0,0,1,1,0,6154
rajendra_nagar,6,4,1,3,1,1,0,1,1,1,1,10603
palasia,4,1,3,4,0,1,0,0,1,1,0,7680
bhanwar_kuan,7,4,6,3,1,0,0,1,0,1,0,10256
vijay_nagar,7,3,1,3,1,0,0,0,1,0,0,8926
palasia,6,1,1,4,0,1,1,1,0,0,0,8546
bhanwar_kuan,1,5,3,3,0,0,1,0,0,0,0,6847
palasia,5,5,2,4,0,0,1,0,1,0,0,9008
bhanwar_kuan,9,5,3,4,1,0,0,0,1,1,0,10080
vijay_nagar,4,1,1,3,1,1,0,1,1,1,0,9006
bhanwar_kuan,9,2,2,1,1,1,1,0,0,0,1,7667
rajendra_nagar,3,1,1,4,1,0,1,0,0,1,0,6415
bhanwar_kuan,10,3,4,1,0,0,0,1,0,0,0,8991
palasia,3,1,5,2,1,0,0,0,1,0,0,6544
palasia,7,2,5,3,1,1,1,1,0,1,0,10442
bhanwar_kuan,9,1,2,2,1,0,1,0,0,1,0,6641
palasia,6,2,6,3,0,1,0,1,0,0,0,8668
palasia,4,3,4,4,0,1,1,0,1,0,1,9334
palasia,2,3,6,1,1,1,1,0,1,1,0,7928
palasia,1,5,6,3,0,0,1,0,1,0,1,9216
bhanwar_kuan,6,4,4,1,0,1,1,1,0,0,0,8585
tilak_nagar,5,1,5,3,0,1,1,1,0,1,0,8473
tilak_nagar,7,2,4,4,0,1,1,1,0,0,1,9837
annapurna,1,3,2,2,0,1,0,0,0,1,1,5610
rajendra_nagar,3,3,5,1,0,0,1,0,1,0,1,7346
tilak_nagar,2,2,4,4,0,1,0,0,1,1,0,7436
tilak_nagar,4,3,1,4,1,0,0,1,1,1,1,9670
annapurna,7,1,2,4,1,0,0,0,0,0,0,6400
bhanwar_kuan,3,3,4,4,1,1,1,1,1,1,1,10581
rajendra_nagar,7,5,2,1,0,1,1,0,0,0,1,8147
palasia,7,3,3,2,0,1,1,1,0,0,1,9696
rajendra_nagar,6,3,6,2,0,1,1,0,0,0,1,8039
vijay_nagar,9,1,6,1,0,0,0,1,1,1,1,10614
annapurna,9,5,1,1,1,0,0,0,1,1,1,9101
palasia,8,2,5,1,0,0,1,0,1,1,0,8478
annapurna,5,3,3,4,1,1,0,1,0,1,0,9227
palasia,2,3,1,3,0,1,0,1,0,0,0,7184
annapurna,9,1,3,2,1,1,1,0,1,0,1,7559
tilak_nagar,7,1,3,4,1,1,0,1,1,0,1,9529
annapurna,10,2,3,4,1,0,1,1,1,1,1,11458
rajendra_nagar,10,5,3,1,0,0,0,0,0,0,1,8416
vijay_nagar,9,4,5,3,1,1,0,0,1,0,0,10588
bhanwar_kuan,9,4,6,4,1,0,0,0,0,1,0,9365
vijay_nagar,6,1,2,4,0,1,0,1,0,1,1,9568
rajendra_nagar,7,5,2,2,1,0,1,1,0,0,1,9859
tilak_nagar,7,3,1,2,1,0,1,0,1,1,0,8484
vijay_nagar,5,4,5,4,1,1,1,0,1,1,1,11642
annapurna,3,1,6,4,1,1,1,1,1,0,0,9237
rajendra_nagar,4,3,5,4,1,1,1,1,1,0,0,9806
vijay_nagar,8,2,4,3,0,0,1,1,0,1,1,10684
annapurna,6,3,1,1,0,0,1,1,0,1,0,7656
palasia,6,2,1,1,1,1,0,0,1,0,1,7123
rajendra_nagar,2,3,4,4,0,0,1,1,1,1,0,9305
vijay_nagar,6,2,3,2,0,1,0,1,1,0,1,9400
bhanwar_kuan,6,2,2,1,0,0,1,0,0,1,0,5792
annapurna,5,1,3,2,1,1,1,1,0,0,1,7796
rajendra_nagar,6,2,3,4,0,0,0,1,0,1,1,8467
vijay_nagar,2,5,5,3,1,0,0,0,1,1,1,9581
vijay_nagar,9,2,6,3,1,1,0,0,1,0,0,10186
bhanwar_kuan,6,3,4,1,0,0,0,1,0,1,0,8380
tilak_nagar,5,5,1,4,0,0,1,1,1,0,1,10558
vijay_nagar,3,2,1,1,0,1,0,1,0,1,0,7620
vijay_nagar,4,2,4,1,1,0,1,1,0,0,1,8711
palasia,4,5,3,1,1,0,1,1,1,1,1,10180
rajendra_nagar,2,1,1,3,0,0,0,1,1,1,1,7330
tilak_nagar,1,1,3,3,0,1,0,1,0,0,0,5895
bhanwar_kuan,9,4,5,2,1,1,1,0,1,0,0,10191
tilak_nagar,3,5,5,2,0,1,1,1,0,0,0,8657
annapurna,4,1,1,3,1,1,1,0,1,1,0,6477
palasia,8,5,1,3,1,0,0,1,1,0,1,11327
vijay_nagar,9,5,3,4,0,0,1,1,0,1,1,12113
bhanwar_kuan,3,4,4,3,1,1,0,0,0,0,0,7736
vijay_nagar,10,2,3,1,0,1,0,1,1,1,0,10436
rajendra_nagar,6,1,4,3,1,0,1,1,1,1,1,9711
annapurna,10,4,4,1,1,1,1,0,1,1,0,9190
bhanwar_kuan,7,2,5,1,0,1,1,0,0,0,0,7115
tilak_nagar,10,1,1,4,1,1,1,1,1,1,0,10480
rajendra_nagar,1,5,3,2,1,0,0,0,1,0,1,7671
palasia,3,2,6,1,1,0,0,1,1,1,1,9194
annapurna,2,2,5,2,0,1,1,1,1,0,0,8031
palasia,9,5,4,1,1,0,0,0,1,1,0,9373
tilak_nagar,6,3,1,2,1,0,0,1,0,0,0,7236
bhanwar_kuan,8,3,4,3,1,0,0,1,0,1,1,9564
tilak_nagar,9,5,2,4,1,1,0,1,0,0,0,10225
bhanwar_kuan,8,1,4,1,0,0,1,0,0,1,0,6541
palasia,4,5,3,1,0,1,1,0,0,0,0,7340
tilak_nagar,6,2,6,2,0,0,0,1,1,0,1,9396
annapurna,6,4,6,4,1,1,1,1,1,0,1,11355
bhanwar_kuan,7,2,1,3,0,0,1,1,0,1,0,8068
vijay_nagar,3,5,5,2,1,1,0,0,1,0,1,9188
bhanwar_kuan,4,4,5,3,1,0,1,1,1,0,0,10259
annapurna,4,2,2,3,1,0,0,0,1,1,0,6609
vijay_nagar,2,5,6,1,0,0,1,0,1,0,1,8573
annapurna,8,1,6,4,1,0,1,0,1,1,0,8638
tilak_nagar,6,2,2,2,1,1,1,1,0,0,0,7922
vijay_nagar,1,5,2,1,0,1,1,1,0,1,1,9172
vijay_nagar,5,3,6,2,1,0,1,1,1,1,0,11444
rajendra_nagar,7,3,6,1,0,1,0,1,1,0,0,8967
annapurna,7,3,2,1,0,1,0,1,1,0,1,9098
bhanwar_kuan,9,4,2,1,1,1,1,1,0,1,1,10626
bhanwar_kuan,5,4,2,2,1,1,1,0,0,1,1,8422
vijay_nagar,10,3,5,1,1,1,0,1,1,0,0,11141
vijay_nagar,10,5,1,4,0,0,1,1,1,0,1,12629
annapurna,3,1,6,2,0,0,1,1,1,0,0,7855
annapurna,10,2,1,1,0,0,1,1,1,1,0,8668
annapurna,2,3,2,4,0,1,0,1,1,1,1,8892
tilak_nagar,5,1,2,1,1,0,1,1,1,0,0,7582
rajendra_nagar,7,1,2,2,1,0,0,0,1,0,1,6138
annapurna,8,3,2,4,1,0,1,1,1,1,1,10781
annapurna,2,5,6,3,0,1,1,1,0,1,0,9923
tilak_nagar,5,4,2,4,1,1,0,0,1,0,0,8565
tilak_nagar,9,4,6,1,0,0,1,1,0,0,0,9456
rajendra_nagar,9,1,5,4,1,0,1,1,0,0,0,9173
palasia,4,4,4,1,0,1,1,0,0,1,0,7831
bhanwar_kuan,7,3,4,3,1,1,0,1,0,1,0,10055
rajendra_nagar,5,1,3,1,1,0,0,0,0,0,0,4932
vijay_nagar,7,1,5,4,0,1,1,0,0,1,1,8835
palasia,10,2,3,4,1,0,1,1,1,1,0,11608
tilak_nagar,9,1,4,1,1,0,0,1,1,1,1,9461
palasia,1,2,1,4,0,0,0,0,1,0,0,6322
tilak_nagar,9,5,5,3,1,1,1,1,0,0,0,11547
tilak_nagar,10,1,6,3,0,1,0,0,1,1,1,9211
tilak_nagar,1,3,6,1,0,0,0,0,0,1,0,5393
rajendra_nagar,8,4,5,3,0,0,1,1,1,0,1,11333
rajendra_nagar,7,3,5,3,0,0,0,0,0,0,1,7174
rajendra_nagar,1,1,1,3,0,0,0,0,0,1,0,4630
bhanwar_kuan,9,5,5,4,1,0,1,1,0,0,0,11381
rajendra_nagar,3,3,3,2,0,0,1,1,0,1,0,8326
rajendra_nagar,8,3,4,3,1,0,0,0,0,0,0,7759
rajendra_nagar,10,3,2,4,0,1,1,0,1,1,0,10013
bhanwar_kuan,6,2,3,4,0,0,0,0,1,1,1,8323
rajendra_nagar,8,3,5,3,0,0,0,0,1,1,0,9206
rajendra_nagar,1,3,4,3,0,1,1,1,0,0,1,7666
rajendra_nagar,9,3,6,1,0,1,0,0,1,1,1,9539
palasia,3,5,1,2,0,1,1,0,1,0,0,8460
annapurna,1,4,3,3,1,1,1,0,1,1,1,8017
tilak_nagar,9,4,2,3,0,1,1,1,1,1,0,10794
rajendra_nagar,10,2,3,3,0,0,0,0,0,1,1,8135
annapurna,1,5,3,4,1,1,1,0,1,1,0,9335
palasia,5,2,4,3,1,1,1,0,0,1,1,7790
rajendra_nagar,2,1,5,3,1,1,1,0,0,0,1,6297
annapurna,10,3,6,3,0,0,1,1,0,1,0,10911
annapurna,4,2,4,2,0,1,0,0,1,1,1,7223
bhanwar_kuan,6,3,5,4,0,1,0,1,0,0,1,9362
palasia,2,2,6,1,0,0,0,0,1,1,0,6464
rajendra_nagar,9,2,5,3,0,1,0,1,1,0,0,9523
tilak_nagar,10,1,5,1,1,1,0,0,1,1,0,8561
annapurna,10,3,3,3,0,0,0,0,0,1,1,8577
bhanwar_kuan,5,2,6,4,0,1,0,1,0,0,1,8958
vijay_nagar,2,3,5,2,0,1,0,0,1,0,1,7551
vijay_nagar,1,3,4,1,0,0,0,1,1,0,0,8355
tilak_nagar,10,2,4,4,0,1,1,0,0,0,0,8166
annapurna,10,5,4,3,0,1,0,1,1,0,1,11350
vijay_nagar,9,3,4,2,1,0,0,0,0,1,0,9202
rajendra_nagar,3,5,1,3,1,1,1,0,0,1,1,8377
annapurna,10,1,1,3,1,0,0,0,1,1,0,7531
rajendra_nagar,3,1,6,1,0,1,1,0,0,1,1,6628
tilak_nagar,3,4,5,3,1,0,1,0,0,1,1,7853
palasia,1,1,1,4,0,0,1,0,1,0,1,6441
tilak_nagar,5,4,2,4,0,1,0,0,1,0,0,8734
bhanwar_kuan,4,4,5,3,0,1,1,0,0,0,0,8355
palasia,9,2,6,2,1,0,1,0,0,0,1,8613
rajendra_nagar,1,3,3,2,1,0,0,1,1,1,0,7607
bhanwar_kuan,8,4,5,2,0,1,0,1,1,1,0,10403
rajendra_nagar,10,3,1,3,1,0,1,1,0,1,1,10424
vijay_nagar,6,5,3,1,0,1,0,1,0,0,1,10232
annapurna,1,4,3,2,0,0,0,0,1,1,0,6772
bhanwar_kuan,8,5,4,3,0,1,0,1,0,1,1,11433
rajendra_nagar,3,1,3,4,1,0,0,0,0,0,0,5494
tilak_nagar,4,4,1,3,0,0,0,0,0,1,1,7380
tilak_nagar,3,2,3,3,0,1,0,1,1,1,1,8440
palasia,5,4,1,3,0,1,0,1,1,1,1,9876
rajendra_nagar,9,4,3,1,0,0,1,1,1,1,0,9797
rajendra_nagar,6,1,3,1,1,0,1,1,0,0,1,7156
annapurna,3,2,3,3,0,1,0,0,0,0,1,6125
tilak_nagar,8,1,5,2,1,0,1,1,1,1,0,9214
palasia,5,2,1,3,1,0,1,0,1,1,1,7974
tilak_nagar,9,5,6,1,1,1,0,1,1,0,1,11831
tilak_nagar,9,4,2,4,1,0,1,1,1,1,0,11257
rajendra_nagar,5,2,4,4,1,1,0,0,1,1,0,7846
tilak_nagar,5,1,2,2,1,1,0,0,1,0,1,6840
annapurna,9,3,2,2,1,0,1,1,1,0,0,9941
vijay_nagar,9,2,4,2,1,0,0,1,1,0,0,9760
palasia,3,2,2,3,0,1,0,0,1,1,1,7154
rajendra_nagar,2,2,6,1,0,1,0,0,0,0,1,5553
rajendra_nagar,10,1,5,4,0,0,1,1,1,1,1,10648
tilak_nagar,8,3,3,3,0,0,1,1,1,0,1,9875
vijay_nagar,4,4,6,3,0,0,1,0,1,1,1,9776
tilak_nagar,1,2,4,2,1,1,1,1,1,0,1,8600
rajendra_nagar,5,4,4,4,0,0,0,1,1,1,0,10257
tilak_nagar,6,4,1,1,0,1,1,0,1,0,1,7483
rajendra_nagar,2,2,6,4,1,1,1,1,0,0,0,8368
palasia,9,3,5,2,0,0,1,0,1,1,0,9484
tilak_nagar,5,3,3,4,1,1,1,0,1,1,1,9430
rajendra_nagar,6,2,1,1,0,1,1,0,1,0,1,7013
annapurna,5,4,1,2,1,1,1,0,0,0,0,6352
annapurna,6,5,4,4,1,1,0,1,1,0,1,10782
tilak_nagar,1,3,1,1,0,0,1,0,1,1,1,6342
palasia,8,4,4,1,0,1,0,0,1,1,0,9469
tilak_nagar,10,1,1,2,0,0,1,1,0,1,0,8559
vijay_nagar,3,2,2,4,1,0,1,1,1,0,0,9181
bhanwar_kuan,6,3,1,2,0,1,0,0,0,1,0,7199
annapurna,8,5,3,1,1,0,0,1,1,0,0,9458
tilak_nagar,6,3,2,2,1,1,0,0,1,0,1,7303
vijay_nagar,4,4,1,4,0,1,0,0,0,1,0,7992
vijay_nagar,9,5,6,1,0,0,1,0,0,1,0,9740
rajendra_nagar,4,1,3,4,0,0,1,1,1,1,1,9090
tilak_nagar,5,2,5,2,0,1,1,0,1,0,0,7126
annapurna,9,2,2,1,1,0,1,0,1,0,0,6869
tilak_nagar,7,5,5,4,1,0,1,0,1,0,1,10654
palasia,3,5,5,2,0,0,0,1,1,0,0,9172
annapurna,4,1,5,4,0,0,1,1,0,0,1,7982
palasia,8,3,3,3,1,1,1,1,1,0,0,11273
bhanwar_kuan,4,3,2,3,1,1,0,1,0,1,1,8508
palasia,6,4,6,2,1,1,1,0,0,0,1,8977
rajendra_nagar,9,2,4,4,1,0,1,0,1,0,0,8512
tilak_nagar,9,5,2,4,0,1,1,0,1,1,1,11323
tilak_nagar,2,3,2,3,0,0,0,1,1,0,1,8598
rajendra_nagar,3,3,5,2,1,1,1,0,0,1,1,8049
bhanwar_kuan,4,4,6,4,1,1,0,0,1,0,1,9341
bhanwar_kuan,10,2,5,2,1,0,1,0,1,1,1,9727
tilak_nagar,9,1,6,3,1,1,1,1,1,1,0,10733
tilak_nagar,7,3,4,4,0,0,0,1,0,1,1,9420
rajendra_nagar,7,2,5,4,1,1,0,0,1,1,1,9353
vijay_nagar,3,5,4,4,1,0,1,0,1,1,1,10393
palasia,1,2,5,4,1,0,1,1,1,0,1,9431
annapurna,9,1,2,2,1,0,1,0,1,1,0,8014
vijay_nagar,5,2,2,2,0,1,0,0,1,1,0,7693
rajendra_nagar,6,2,2,3,0,1,1,0,1,0,0,7212
vijay_nagar,1,2,4,2,1,1,1,1,0,0,1,8067
palasia,9,3,4,4,0,0,0,1,1,1,1,11197
annapurna,1,4,3,2,0,0,1,0,1,1,1,7481
palasia,8,2,5,1,1,1,0,0,1,0,0,8441
tilak_nagar,4,3,4,1,1,1,0,0,0,0,1,6854
palasia,1,2,5,2,1,0,0,0,1,1,1,7258
tilak_nagar,10,5,6,2,0,0,1,0,0,0,0,9076
vijay_nagar,3,5,2,4,0,0,1,1,1,0,0,10563
annapurna,2,2,3,3,0,0,0,1,0,1,0,7296
rajendra_nagar,8,4,5,2,0,1,1,0,1,1,0,9825
annapurna,3,1,2,4,0,0,1,0,0,1,1,6373
annapurna,2,4,2,2,1,1,1,0,1,1,0,7235
vijay_nagar,9,4,2,3,1,0,0,1,0,0,1,10471
rajendra_nagar,6,2,6,3,0,1,0,0,0,1,1,7843
bhanwar_kuan,6,5,2,1,1,1,1,1,0,0,0,9484
tilak_nagar,6,3,1,4,1,0,1,0,1,1,1,9269
bhanwar_kuan,10,1,6,2,1,0,1,1,0,0,1,9184
tilak_nagar,2,3,5,3,1,0,0,0,0,1,0,7174
vijay_nagar,5,5,6,4,1,0,0,0,1,0,0,10387
tilak_nagar,4,5,5,1,1,1,0,1,0,1,1,9143
vijay_nagar,7,5,3,4,1,1,1,1,1,0,0,12661
bhanwar_kuan,6,4,3,2,1,1,0,0,1,1,0,9109
annapurna,10,2,3,4,0,0,1,1,1,0,1,10336
rajendra_nagar,6,5,3,4,0,0,0,0,1,0,0,8806
annapurna,1,4,5,4,0,1,1,0,0,0,0,7585
bhanwar_kuan,8,4,5,4,1,1,0,1,1,1,0,12174
rajendra_nagar,7,2,6,4,1,0,0,1,1,1,0,10424
rajendra_nagar,1,5,2,1,0,1,0,0,0,1,1,6491
vijay_nagar,2,2,1,2,0,1,0,0,0,0,0,5441
tilak_nagar,8,5,3,1,1,0,0,0,1,1,1,9389
bhanwar_kuan,1,4,1,2,0,1,1,0,1,0,1,7125
tilak_nagar,2,5,3,4,0,1,1,0,1,1,0,9470
tilak_nagar,5,2,1,4,0,1,0,1,1,1,1,9252
tilak_nagar,2,3,6,3,1,1,0,1,1,1,1,9850
palasia,8,1,2,3,1,1,0,0,1,1,0,8155
tilak_nagar,8,2,1,3,0,1,1,1,1,1,1,10307
vijay_nagar,3,2,2,3,1,0,1,0,0,0,0,6870
palasia,9,3,4,4,0,0,0,1,0,1,1,11028
vijay_nagar,3,4,5,1,0,0,0,1,1,0,0,9177
vijay_nagar,2,1,6,2,1,1,0,1,1,1,0,9191
palasia,4,3,6,2,1,0,1,0,0,0,1,8109
rajendra_nagar,9,4,3,2,1,1,0,0,1,1,1,9253
annapurna,7,2,5,3,0,0,0,1,1,0,0,9439
tilak_nagar,7,3,1,3,0,1,1,0,1,0,1,8626
annapurna,2,4,2,3,0,0,0,1,0,1,1,8407
bhanwar_kuan,3,3,4,3,0,0,0,1,0,0,1,8325
palasia,7,2,2,1,0,0,0,1,1,1,1,9425
annapurna,6,5,4,3,1,0,0,0,0,0,1,8602
tilak_nagar,7,3,6,1,1,1,0,1,0,0,0,9204
palasia,6,4,6,3,1,1,0,1,0,0,1,10165
rajendra_nagar,6,5,5,4,1,1,0,1,1,1,0,11664
rajendra_nagar,2,4,4,2,0,0,1,1,0,0,1,8367
vijay_nagar,2,4,3,3,0,0,0,1,1,1,0,10054
tilak_nagar,8,2,2,1,0,0,0,0,0,1,1,6026
vijay_nagar,10,2,4,4,1,1,0,1,1,1,1,11812
bhanwar_kuan,5,4,6,3,0,1,1,1,0,0,1,9905
vijay_nagar,1,3,1,1,1,1,0,1,1,1,1,8367
bhanwar_kuan,6,1,6,1,1,1,0,1,0,0,1,7443
bhanwar_kuan,6,1,2,3,0,1,1,1,0,0,1,8119
palasia,3,2,1,2,1,1,1,1,0,0,0,7264
vijay_nagar,9,5,1,2,1,0,1,0,0,0,0,9634
bhanwar_kuan,7,1,1,4,1,0,1,0,1,0,0,7380
palasia,3,1,3,1,1,1,0,0,0,1,1,5644
vijay_nagar,7,4,2,3,0,0,1,0,0,0,0,8507
tilak_nagar,6,3,4,4,0,0,0,1,1,1,0,10306
tilak_nagar,8,1,6,4,0,1,0,1,1,1,1,10573
palasia,5,2,4,4,1,1,0,0,1,1,1,9081
rajendra_nagar,1,5,4,4,1,1,0,1,0,0,0,9449
annapurna,2,4,3,1,0,1,1,0,1,0,0,6427
rajendra_nagar,10,1,6,2,0,0,1,0,0,0,0,7177
rajendra_nagar,1,3,4,2,1,0,1,0,1,0,1,6908
bhanwar_kuan,10,2,3,1,0,0,1,1,0,0,1,8907
bhanwar_kuan,8,5,1,4,0,1,0,1,0,1,0,11046
bhanwar_kuan,2,3,1,3,0,1,1,0,1,1,0,7757
palasia,1,1,1,4,1,0,0,0,1,1,1,6539
rajendra_nagar,10,2,3,1,1,0,0,1,0,1,0,8876
palasia,8,2,6,4,1,1,1,1,1,1,0,12257
vijay_nagar,3,5,3,1,1,1,0,0,0,0,1,7873
palasia,2,5,4,3,1,1,0,0,0,1,1,9028
bhanwar_kuan,9,5,4,4,1,0,0,0,1,0,1,10673
annapurna,8,5,1,2,0,0,1,1,0,0,0,8886
tilak_nagar,5,1,5,4,0,1,0,0,1,1,1,8086
bhanwar_kuan,9,1,4,2,1,0,0,1,0,1,0,8783
rajendra_nagar,6,3,6,1,1,1,0,1,0,1,1,8937
rajendra_nagar,8,5,6,1,0,0,1,1,0,0,0,9721
palasia,10,3,5,4,0,1,0,0,1,1,0,10186
annapurna,9,2,6,1,1,1,0,0,1,0,1,7651
annapurna,3,4,2,1,1,0,0,1,1,1,1,8904
vijay_nagar,1,3,1,1,0,0,1,1,0,0,0,6786
bhanwar_kuan,5,2,6,3,0,0,0,0,0,0,1,7005
rajendra_nagar,6,2,2,3,1,0,1,1,1,1,1,9581
palasia,8,4,1,3,1,0,1,0,0,0,0,8692
rajendra_nagar,5,3,3,1,0,1,1,1,1,0,1,8664
annapurna,10,2,2,2,0,1,1,1,1,1,0,9450
vijay_nagar,8,5,3,1,1,0,0,0,1,1,1,10558
vijay_nagar,10,1,1,2,0,0,1,0,0,1,1,8281
annapurna,5,4,4,2,0,0,1,0,0,0,0,7032
bhanwar_kuan,6,5,4,4,1,0,1,0,0,0,1,8849
palasia,1,1,1,3,0,0,1,1,1,0,1,6962
tilak_nagar,3,4,6,3,1,0,1,0,0,1,0,8643
vijay_nagar,10,4,2,1,0,0,1,1,0,1,1,10396
tilak_nagar,5,1,5,3,0,1,1,0,0,1,0,6964
rajendra_nagar,4,2,5,2,1,0,1,1,1,1,0,8653
vijay_nagar,10,2,4,1,1,1,0,1,0,0,1,9324
bhanwar_kuan,8,4,5,3,1,0,1,0,1,1,0,10540
annapurna,3,5,4,2,1,0,0,1,0,1,1,9102
rajendra_nagar,8,3,3,4,0,0,1,0,1,0,0,9025
tilak_nagar,8,5,6,3,1,1,0,1,0,0,0,10479
palasia,8,2,5,2,1,0,1,1,0,0,0,9524
bhanwar_kuan,6,4,5,3,0,1,0,1,0,1,0,10047
palasia,10,2,5,4,0,1,0,1,0,1,1,11103
vijay_nagar,3,2,4,3,0,1,1,0,1,0,1,7906
rajendra_nagar,9,2,3,2,0,1,1,1,1,1,0,10136
rajendra_nagar,5,3,2,4,1,0,1,1,1,0,0,9340
bhanwar_kuan,3,2,6,3,1,1,0,0,0,0,0,6821
rajendra_nagar,3,1,2,2,1,1,0,0,0,0,1,5145
palasia,7,2,1,1,0,1,1,1,0,1,0,8362
rajendra_nagar,9,2,3,2,1,1,1,1,0,1,1,9306
rajendra_nagar,2,4,3,2,1,0,0,1,1,0,0,8352
annapurna,1,4,2,2,0,0,0,0,0,1,1,5451
tilak_nagar,5,5,2,1,0,0,0,0,1,0,0,6793
vijay_nagar,5,5,6,2,0,1,0,1,1,1,0,11366
annapurna,3,2,6,1,1,0,1,1,1,1,0,8510
vijay_nagar,10,5,5,1,0,0,1,0,1,0,0,10793
annapurna,6,2,3,2,0,0,0,0,0,0,1,6383
rajendra_nagar,6,4,2,3,0,1,1,1,1,1,1,11147
vijay_nagar,10,1,3,2,1,1,1,1,1,0,0,10018
annapurna,8,2,5,4,1,1,1,0,1,1,1,9690
tilak_nagar,6,5,6,2,1,1,0,0,0,0,1,8369
tilak_nagar,3,5,5,4,0,0,0,1,0,1,1,9590
tilak_nagar,10,1,1,2,1,0,0,1,1,0,0,8649
palasia,2,5,5,2,0,1,0,1,1,1,1,10378
tilak_nagar,1,2,2,2,0,1,1,1,1,1,0,7668
rajendra_nagar,2,1,3,2,0,1,1,1,1,1,0,7247
annapurna,8,5,5,2,1,0,0,0,1,1,1,9752
bhanwar_kuan,10,2,1,1,0,0,0,0,0,0,0,5809
bhanwar_kuan,8,1,5,4,0,0,1,1,0,0,1,9516
tilak_nagar,9,5,1,1,0,0,0,0,1,0,1,8238
bhanwar_kuan,8,3,6,4,1,0,1,1,1,0,0,10867
annapurna,4,5,6,2,0,1,0,1,0,0,1,9279
vijay_nagar,9,3,1,2,1,0,0,0,1,0,1,9248
rajendra_nagar,3,3,5,4,0,0,1,1,1,0,1,9474
annapurna,5,5,3,2,1,1,1,0,0,0,1,8236
palasia,7,5,6,4,0,0,1,1,1,0,1,12602
vijay_nagar,1,5,5,4,1,1,1,0,1,0,1,9817
vijay_nagar,9,3,6,3,0,1,0,1,1,0,1,12055
tilak_nagar,4,2,4,4,1,1,1,1,1,1,1,9806
tilak_nagar,1,2,2,4,1,1,1,1,0,1,1,7914
bhanwar_kuan,7,1,6,4,1,1,1,0,0,1,1,9163
bhanwar_kuan,1,2,1,1,0,1,0,0,0,0,1,4200
palasia,4,4,3,3,1,1,0,0,1,0,1,8422
bhanwar_kuan,4,5,6,1,1,0,0,0,1,1,1,9240
palasia,9,2,2,4,0,0,1,1,0,1,0,9794
tilak_nagar,6,3,1,1,1,0,0,0,1,1,0,7298
bhanwar_kuan,10,4,4,2,1,1,1,0,1,1,0,10738
rajendra_nagar,8,3,1,1,1,0,0,0,0,1,0,6916
rajendra_nagar,5,3,2,3,1,0,1,1,1,0,0,9504
rajendra_nagar,9,5,3,2,0,0,0,0,1,0,1,9545
annapurna,5,4,6,4,1,0,0,1,0,1,0,10059
rajendra_nagar,10,4,6,2,1,1,0,0,0,0,0,9171
palasia,8,1,4,4,0,1,0,0,1,1,1,9550
palasia,10,1,5,4,0,1,1,1,1,0,1,11103
palasia,5,4,4,1,1,1,0,0,1,1,0,8554
vijay_nagar,7,2,3,1,0,1,0,0,1,1,0,8226
tilak_nagar,5,1,6,4,0,1,0,0,1,1,1,8092
palasia,8,3,6,2,0,0,1,0,0,0,0,8557
vijay_nagar,10,5,6,1,0,1,0,1,0,1,1,12153
bhanwar_kuan,1,3,2,3,1,0,1,0,0,0,0,6295
tilak_nagar,8,3,4,1,0,0,1,1,1,0,0,9528
annapurna,3,5,1,2,1,0,0,1,1,1,0,8505
palasia,4,4,1,3,1,0,0,1,0,1,0,9174
annapurna,1,3,2,1,0,1,1,0,1,0,0,5696
palasia,3,5,4,3,1,0,0,1,1,0,1,10693
annapurna,5,3,5,2,0,0,1,1,0,1,1,9446
bhanwar_kuan,6,4,6,1,0,1,0,0,0,1,1,7724
tilak_nagar,2,2,4,2,0,0,0,0,0,0,0,5427
palasia,3,3,2,2,1,0,1,0,1,1,0,7960
palasia,8,4,2,2,0,1,0,0,0,0,1,8174
annapurna,3,1,2,3,0,0,0,1,1,0,0,6446
tilak_nagar,3,3,2,2,1,1,1,1,0,1,1,8309
annapurna,3,3,1,1,0,1,0,0,0,1,0,5785
rajendra_nagar,6,1,4,2,1,1,1,0,0,1,0,7069
bhanwar_kuan,5,3,3,2,1,1,0,1,0,1,0,8758
palasia,4,3,6,1,0,1,0,1,1,0,1,9787
annapurna,10,3,1,1,0,0,0,1,1,1,0,8679
bhanwar_kuan,3,3,1,3,1,1,1,1,1,1,1,9707
palasia,3,3,4,4,1,1,0,0,1,0,1,8196
bhanwar_kuan,4,5,2,1,1,0,1,1,1,1,1,9754
rajendra_nagar,7,3,6,3,0,0,0,0,0,1,0,8128
bhanwar_kuan,8,2,2,4,1,0,1,0,1,1,1,8784
palasia,3,3,2,2,0,1,0,0,1,1,0,7686
bhanwar_kuan,6,4,5,4,1,0,1,0,1,0,1,10279
rajendra_nagar,7,5,2,4,0,1,1,0,0,0,0,8250
tilak_nagar,4,2,5,3,0,0,1,1,1,0,0,8495
vijay_nagar,9,2,3,1,1,0,1,1,0,1,1,10063
vijay_nagar,9,1,4,2,1,1,0,0,0,1,0,8276
tilak_nagar,10,1,5,3,0,0,1,1,0,1,1,10252
bhanwar_kuan,7,3,5,4,0,1,0,0,1,1,0,9179
bhanwar_kuan,7,3,5,2,1,0,1,0,1,0,1,8491
bhanwar_kuan,1,3,3,4,0,1,0,0,1,1,0,7926
bhanwar_kuan,1,1,1,1,0,1,1,0,0,0,1,4445
bhanwar_kuan,2,3,4,4,0,1,1,1,1,0,0,9505
rajendra_nagar,6,5,1,2,1,0,1,0,1,0,0,8518
vijay_nagar,1,2,1,1,1,0,1,1,1,1,0,8461
bhanwar_kuan,4,4,2,3,0,0,0,0,0,0,0,6327
bhanwar_kuan,8,3,1,1,1,1,0,0,1,0,1,7408
palasia,1,1,1,3,1,0,0,0,0,1,1,5135
annapurna,10,5,2,3,0,1,1,1,1,1,1,11738
bhanwar_kuan,2,3,5,3,1,1,1,0,1,1,0,8051
bhanwar_kuan,2,5,3,1,1,0,0,0,0,0,1,6501
palasia,1,3,4,1,0,0,0,0,0,0,1,5313
rajendra_nagar,2,1,4,2,1,1,0,1,0,0,0,6663
rajendra_nagar,3,4,3,4,1,1,0,1,1,0,1,10013
tilak_nagar,5,2,4,1,0,1,1,1,0,0,1,8194
palasia,6,4,1,3,1,0,1,0,0,1,0,8563
tilak_nagar,1,3,1,2,1,0,1,0,1,1,1,6708
palasia,6,4,3,1,1,1,0,1,1,0,0,9775
tilak_nagar,8,2,2,1,1,0,1,0,1,1,0,7659
palasia,5,5,6,1,1,0,0,1,0,1,0,9986
palasia,6,5,5,1,1,1,1,1,0,1,0,10436
bhanwar_kuan,6,2,6,1,1,0,0,0,1,1,1,8166
bhanwar_kuan,7,5,5,3,0,1,1,0,1,0,1,10346
tilak_nagar,4,4,5,2,0,1,0,0,1,1,0,8528
vijay_nagar,3,3,4,4,0,0,0,0,1,0,0,7806
rajendra_nagar,8,2,2,2,0,0,0,1,1,1,1,9574
vijay_nagar,9,4,1,2,0,1,0,1,1,1,0,11527
palasia,4,1,6,1,0,1,1,0,0,0,0,6331
rajendra_nagar,10,5,4,4,0,0,0,0,0,1,1,9927
vijay_nagar,4,1,5,1,0,1,0,1,1,0,1,8845
bhanwar_kuan,7,2,3,4,0,1,0,1,0,0,0,8744
rajendra_nagar,8,2,3,2,0,0,1,1,1,0,1,8922
palasia,3,3,4,1,0,0,1,1,0,1,1,8741
annapurna,9,2,5,3,0,0,0,1,1,0,0,9233
